ax_g,ay_g,az_g,theta_deg,label,label_name,split
0.74246,-0.04284,0.68623,47.18,1,INCLINADO,val
-0.74584,-0.16707,0.69405,48.28,1,INCLINADO,val
-0.07574,0.26705,0.93615,17.34,0,REPOUSO,test
-0.83088,-0.50288,0.27069,73.59,1,INCLINADO,train
-0.02458,0.07501,0.96084,4.73,0,REPOUSO,train
-0.59657,0.13393,-0.82074,144.50,2,INVERTIDO,train
-0.36830,-0.23771,0.95431,23.62,0,REPOUSO,train
0.28401,-0.47811,0.82041,34.93,1,INCLINADO,train
-0.21310,0.15600,0.99994,13.14,0,REPOUSO,val
-0.79611,0.11600,-0.65714,129.12,2,INVERTIDO,train
-0.21690,0.25282,-1.02433,161.65,2,INVERTIDO,train
-0.64207,-0.33984,-0.77199,137.90,2,INVERTIDO,train
0.97339,0.23802,-0.01077,91.43,1,INCLINADO,train
0.79537,-0.14081,0.63395,52.38,1,INCLINADO,train
0.30903,0.60673,-0.70766,135.23,2,INVERTIDO,train
0.65186,-0.39536,0.53731,53.02,1,INCLINADO,train
0.62176,0.00567,0.81000,36.40,1,INCLINADO,train
-0.90903,0.36049,0.33239,70.39,1,INCLINADO,train
-0.63763,-0.37104,-0.69295,134.46,2,INVERTIDO,train
-0.16727,-0.04855,0.97691,10.01,0,REPOUSO,train
-0.45248,-0.43717,-0.83059,143.34,2,INVERTIDO,train
0.17853,0.06444,0.99073,11.38,0,REPOUSO,train
-0.12711,-0.08752,0.97201,9.48,0,REPOUSO,val
-0.00874,-0.13391,-1.01511,173.83,2,INVERTIDO,train
-0.65188,-0.33125,-0.72288,135.96,2,INVERTIDO,train
0.12560,-0.14692,-0.98925,167.01,2,INVERTIDO,train
-0.44792,0.12593,0.93230,27.82,0,REPOUSO,train
0.17331,0.30985,0.91287,19.13,0,REPOUSO,train
0.37462,-0.21141,-0.92864,156.77,2,INVERTIDO,train
-0.18357,-0.23179,0.86536,19.04,0,REPOUSO,train
0.51874,0.52529,0.65609,47.01,1,INCLINADO,train
-0.30284,0.01451,0.97371,16.62,0,REPOUSO,val
-0.44260,0.07105,0.91673,27.08,0,REPOUSO,val
0.59176,0.77030,0.28622,73.52,1,INCLINADO,test
0.44769,0.51888,-0.70650,136.80,2,INVERTIDO,val
-0.91975,0.44214,0.23455,75.79,1,INCLINADO,train
0.42480,0.92911,0.08288,86.50,1,INCLINADO,val
0.20798,-0.03607,0.98735,11.13,0,REPOUSO,train
0.02815,-0.06489,-1.02083,174.98,2,INVERTIDO,val
0.55177,-0.48947,-0.70102,133.27,2,INVERTIDO,train
0.22498,-0.10377,-0.91931,164.48,2,INVERTIDO,train
0.77475,0.66824,-0.21371,101.10,1,INCLINADO,train
0.20616,0.61752,-0.73882,136.42,2,INVERTIDO,train
-0.61514,0.45912,-0.57416,126.19,2,INVERTIDO,test
0.07318,-0.79533,0.64003,52.52,1,INCLINADO,train
-0.07597,-0.05583,0.98413,4.19,0,REPOUSO,train
0.10129,0.40057,0.82234,26.95,0,REPOUSO,test
0.11243,-0.40327,-0.93707,156.00,2,INVERTIDO,train
-0.28243,0.05442,0.98422,14.38,0,REPOUSO,train
-0.55451,0.75788,-0.01461,91.59,1,INCLINADO,train
0.25864,0.08069,-0.91873,164.13,2,INVERTIDO,train
0.09468,0.48872,0.98806,28.10,0,REPOUSO,train
-0.35250,0.58990,0.62176,49.79,1,INCLINADO,val
-0.20183,-0.35826,0.89552,25.70,0,REPOUSO,train
-0.02172,-0.03285,1.00195,1.75,0,REPOUSO,train
0.38097,-0.86414,-0.12935,97.89,1,INCLINADO,val
-0.07842,-0.06428,0.96673,6.05,0,REPOUSO,train
-0.53436,-0.38884,-0.81550,143.01,2,INVERTIDO,val
-0.07042,-0.28139,0.96175,16.61,0,REPOUSO,train
0.04722,0.31604,0.85272,19.95,0,REPOUSO,test
0.08188,-0.31379,-0.92529,162.19,2,INVERTIDO,test
0.01066,0.01999,0.97886,1.48,0,REPOUSO,train
0.55992,-0.64283,-0.41647,117.70,1,INCLINADO,train
0.04333,0.05623,0.95171,2.53,0,REPOUSO,val
-0.01096,-0.27783,0.95971,14.22,0,REPOUSO,train
0.09524,0.03389,1.01497,6.91,0,REPOUSO,train
0.68676,0.77384,-0.07120,93.83,1,INCLINADO,train
0.19004,0.27007,0.99710,16.71,0,REPOUSO,train
-0.03853,0.13781,-0.94071,171.25,2,INVERTIDO,test
-0.18154,0.77517,0.57259,55.03,1,INCLINADO,test
-0.01603,-0.02800,0.94942,0.68,0,REPOUSO,train
-0.87023,0.40780,0.20951,76.68,1,INCLINADO,train
0.08749,-0.00314,-0.99004,176.11,2,INVERTIDO,train
0.35478,0.77784,-0.49974,121.76,2,INVERTIDO,train
0.04681,-0.14681,1.02354,8.17,0,REPOUSO,train
-0.03836,0.40044,-0.87502,152.71,2,INVERTIDO,train
-0.03050,-0.03936,-0.97842,177.00,2,INVERTIDO,test
-0.59947,-0.29880,-0.71995,137.68,2,INVERTIDO,train
0.58703,-0.26526,-0.78118,142.64,2,INVERTIDO,train
0.09714,0.31316,0.92661,18.43,0,REPOUSO,val
-0.92944,-0.04148,-0.18594,101.62,1,INCLINADO,train
0.66471,-0.55731,0.30110,71.81,1,INCLINADO,train
0.83294,0.44414,0.20994,80.00,1,INCLINADO,train
0.66458,-0.29610,-0.71365,133.37,2,INVERTIDO,train
0.18559,-0.82176,-0.56687,123.59,2,INVERTIDO,train
-0.38367,-0.91629,0.27717,74.39,1,INCLINADO,val
0.04423,-0.43055,0.85522,25.82,0,REPOUSO,val
-0.91111,0.08499,-0.40638,113.51,1,INCLINADO,val
-0.16570,-0.54024,-0.86504,147.73,2,INVERTIDO,val
-0.47468,-0.82481,-0.40873,113.68,1,INCLINADO,test
0.32764,-0.76755,0.63535,54.65,1,INCLINADO,train
-0.00078,0.40063,0.93761,23.85,0,REPOUSO,train
-0.52498,-0.32290,-0.75592,141.25,2,INVERTIDO,test
0.03786,0.00541,1.03877,0.37,0,REPOUSO,train
0.02079,0.66178,-0.68874,136.48,2,INVERTIDO,train
0.63520,0.78163,0.00180,89.58,1,INCLINADO,train
-0.04326,0.09483,0.96936,6.27,0,REPOUSO,train
0.33607,0.10545,0.95239,21.81,0,REPOUSO,train
0.26902,-0.14028,0.96361,17.65,0,REPOUSO,val
-0.33071,0.76362,0.58342,55.03,1,INCLINADO,train
-0.00867,0.04594,-0.99805,178.66,2,INVERTIDO,train
-0.53482,0.82056,0.15443,83.06,1,INCLINADO,val
0.66526,0.29049,-0.68843,133.16,2,INVERTIDO,train
-0.43373,0.34913,-0.72771,141.76,2,INVERTIDO,train
0.77732,-0.10596,-0.67136,130.35,2,INVERTIDO,train
0.21355,-0.35162,0.90086,22.46,0,REPOUSO,val
0.22517,-0.82788,0.48268,58.95,1,INCLINADO,train
0.08617,-0.27354,0.98867,14.00,0,REPOUSO,val
0.53183,-0.11243,-0.89118,149.01,2,INVERTIDO,val
0.28167,-0.82439,0.58372,56.66,1,INCLINADO,train
0.29291,0.68776,0.66964,48.21,1,INCLINADO,train
-0.03365,-0.01509,1.00161,2.48,0,REPOUSO,val
-0.04727,0.03304,0.92806,0.87,0,REPOUSO,train
0.16934,-0.05322,1.04989,9.82,0,REPOUSO,train
0.19149,-0.14926,-0.96227,168.67,2,INVERTIDO,val
0.12644,-0.16343,0.94297,13.77,0,REPOUSO,train
-0.87433,0.42459,0.10023,86.76,1,INCLINADO,train
0.05448,0.01100,1.00274,4.34,0,REPOUSO,train
-0.29250,-0.44321,0.85615,31.75,1,INCLINADO,test
-0.80687,0.48514,-0.35756,111.78,1,INCLINADO,test
-0.00774,0.02160,1.03914,1.08,0,REPOUSO,test
-0.24024,-0.27354,0.87054,19.11,0,REPOUSO,test
-0.95823,0.05804,0.26229,74.41,1,INCLINADO,train
-0.00373,-0.06753,0.97362,3.23,0,REPOUSO,train
0.00587,-0.00644,0.95392,0.32,0,REPOUSO,train
0.22228,0.18140,-0.95717,163.65,2,INVERTIDO,train
-0.42921,-0.19175,0.89140,28.47,0,REPOUSO,test
-0.58952,0.43596,0.71998,46.23,1,INCLINADO,train
0.09335,0.09954,1.02051,9.51,0,REPOUSO,train
-0.27185,0.17987,0.96435,17.81,0,REPOUSO,train
0.44720,0.05295,0.87214,27.74,0,REPOUSO,train
0.28652,0.43009,-0.95718,150.46,2,INVERTIDO,train
0.84053,-0.48271,-0.02109,92.95,1,INCLINADO,val
-0.22925,-0.76856,-0.61133,127.07,2,INVERTIDO,train
-0.20095,-0.31317,0.82811,23.61,0,REPOUSO,train
0.19521,-0.43860,0.88734,29.71,0,REPOUSO,train
-0.05887,-0.17428,-1.00111,168.97,2,INVERTIDO,train
-1.01509,0.41614,0.01397,87.49,1,INCLINADO,train
-0.02149,0.29109,0.94957,16.95,0,REPOUSO,train
0.87840,0.28053,-0.14657,97.62,1,INCLINADO,train
0.08147,-0.77128,-0.57648,128.54,2,INVERTIDO,train
0.44297,0.46951,0.70742,43.78,1,INCLINADO,train
0.06859,-0.12970,0.98252,8.34,0,REPOUSO,train
-0.21183,0.41548,0.91134,26.88,0,REPOUSO,test
0.12663,-0.24525,-0.90459,164.31,2,INVERTIDO,train
0.15345,0.28296,0.97440,20.33,0,REPOUSO,train
-0.34447,-0.90072,-0.24013,106.22,1,INCLINADO,train
0.63401,-0.54858,-0.49796,119.66,1,INCLINADO,val
0.82639,-0.29518,-0.51751,120.85,2,INVERTIDO,val
0.30229,0.04037,0.91667,17.98,0,REPOUSO,train
0.28631,-0.38017,0.90695,28.08,0,REPOUSO,train
0.05085,-0.22604,0.97322,14.34,0,REPOUSO,train
-0.64593,-0.34262,0.63506,48.22,1,INCLINADO,val
-0.06478,0.91757,-0.50938,119.30,1,INCLINADO,train
-0.52533,-0.34767,-0.75621,138.84,2,INVERTIDO,train
-0.06472,-1.02972,-0.18430,99.57,1,INCLINADO,val
-0.76039,-0.22992,-0.58038,125.56,2,INVERTIDO,train
0.66585,0.49155,-0.50847,121.30,2,INVERTIDO,train
0.08589,0.94446,0.23568,75.97,1,INCLINADO,train
0.48297,-0.77203,0.23034,77.23,1,INCLINADO,train
-0.14267,-0.07667,1.00038,7.87,0,REPOUSO,test
-0.03488,0.08807,-0.96297,176.82,2,INVERTIDO,train
0.18630,0.39469,0.92811,26.24,0,REPOUSO,train
-0.44762,0.10456,0.90718,27.29,0,REPOUSO,train
0.69492,-0.41610,-0.58047,124.44,2,INVERTIDO,train
-0.86302,-0.32106,0.52241,59.81,1,INCLINADO,test
-0.00264,-0.02156,0.99037,1.66,0,REPOUSO,train
-0.62051,0.10606,0.78758,39.09,1,INCLINADO,train
-0.45201,0.11967,0.91373,29.97,0,REPOUSO,test
0.59068,0.44014,0.69920,44.54,1,INCLINADO,train
0.65741,-0.21987,0.80107,40.21,1,INCLINADO,test
0.04067,0.22583,0.99195,12.19,0,REPOUSO,test
-0.08234,0.04199,-1.01188,174.65,2,INVERTIDO,train
-0.31946,-0.71780,0.65909,51.64,1,INCLINADO,test
0.46631,-0.83429,0.41647,67.24,1,INCLINADO,train
0.90661,-0.18465,0.50206,60.93,1,INCLINADO,test
-0.67692,-0.52195,0.41019,64.33,1,INCLINADO,train
-0.29135,0.23034,0.88347,25.12,0,REPOUSO,train
-0.63161,0.48232,-0.57750,125.51,2,INVERTIDO,train
0.43224,-0.74482,-0.56124,122.44,2,INVERTIDO,train
0.03309,0.07230,1.00660,5.75,0,REPOUSO,train
-0.19898,0.17398,0.96508,15.25,0,REPOUSO,test
0.76791,0.40487,0.37809,64.59,1,INCLINADO,train
0.26798,-0.49455,0.80714,37.33,1,INCLINADO,train
-0.65148,-0.29919,-0.74917,134.34,2,INVERTIDO,train
-0.65128,-0.09670,0.83056,37.65,1,INCLINADO,train
0.67675,-0.03797,0.77757,41.46,1,INCLINADO,train
-0.33594,-0.47345,-0.84392,146.29,2,INVERTIDO,train
-0.11977,0.12959,0.98898,10.41,0,REPOUSO,val
0.52721,0.27632,0.75966,38.30,1,INCLINADO,test
0.40209,0.18788,-0.91782,153.01,2,INVERTIDO,train
0.01161,-0.72111,0.65640,48.60,1,INCLINADO,train
0.00698,-0.17039,-1.00191,172.66,2,INVERTIDO,train
-0.44432,0.52199,0.66537,47.73,1,INCLINADO,train
-0.15841,0.53972,0.85548,32.95,1,INCLINADO,train
0.01597,0.19591,0.94303,12.26,0,REPOUSO,test
0.00107,0.07484,-1.05703,176.79,2,INVERTIDO,train
0.08212,-0.07359,0.96920,7.60,0,REPOUSO,train
-0.01087,0.02078,1.04801,1.67,0,REPOUSO,train
0.05651,-0.00011,0.96869,3.15,0,REPOUSO,train
0.10004,0.17716,-0.98486,166.86,2,INVERTIDO,train
-0.82378,-0.24850,-0.52468,121.09,2,INVERTIDO,train
0.49913,0.71685,0.50863,61.04,1,INCLINADO,train
-0.73666,0.71685,0.04005,86.66,1,INCLINADO,train
0.36041,-0.24164,0.91184,25.14,0,REPOUSO,val
0.36486,-0.78747,-0.53615,122.73,2,INVERTIDO,train
-0.22796,-0.13075,-0.97253,166.13,2,INVERTIDO,val
-0.00936,0.06700,0.99576,3.18,0,REPOUSO,val
0.78507,-0.24998,0.57654,53.55,1,INCLINADO,train
-0.23673,1.01893,0.22851,79.34,1,INCLINADO,train
0.36489,-0.60861,0.58274,48.02,1,INCLINADO,train
0.43427,0.30166,0.83783,33.50,1,INCLINADO,val
0.74396,-0.46610,0.45146,63.36,1,INCLINADO,val
0.34862,0.24748,0.87064,25.53,0,REPOUSO,train
0.53083,-0.13427,-0.84432,147.05,2,INVERTIDO,train
0.31150,-0.44937,-0.91317,150.00,2,INVERTIDO,train
-0.20855,0.13720,-0.99833,166.72,2,INVERTIDO,train
0.21883,-0.58249,-0.79032,143.48,2,INVERTIDO,train
-0.27166,-0.12179,-0.94410,162.51,2,INVERTIDO,train
-0.00762,-0.03814,1.00302,1.64,0,REPOUSO,train
-0.59391,-0.12024,-0.74634,141.56,2,INVERTIDO,train
0.22136,-0.71416,-0.78018,136.27,2,INVERTIDO,train
-0.32861,0.90863,0.21404,79.04,1,INCLINADO,train
0.05734,-0.04034,-0.97719,176.52,2,INVERTIDO,train
-0.43644,0.11106,0.90418,26.79,0,REPOUSO,test
-0.01065,0.45053,-0.86470,152.21,2,INVERTIDO,test
0.24396,-0.18303,0.92653,15.68,0,REPOUSO,train
-0.21242,0.39751,0.93959,25.00,0,REPOUSO,train
0.92537,0.00757,-0.02844,91.72,1,INCLINADO,train
0.05419,0.36345,0.95066,20.17,0,REPOUSO,train
0.18374,0.81553,0.54433,53.86,1,INCLINADO,test
0.05835,0.18056,0.97575,9.90,0,REPOUSO,test
-0.08073,-0.04058,0.97753,5.44,0,REPOUSO,train
0.01060,0.09212,0.97508,8.73,0,REPOUSO,val
0.55188,0.78873,0.01428,88.98,1,INCLINADO,train
-0.50869,0.57174,-0.58090,128.74,2,INVERTIDO,train
-0.65483,0.40428,-0.64964,130.81,2,INVERTIDO,train
0.25374,-0.01223,0.92869,14.71,0,REPOUSO,train
0.75228,-0.55559,-0.13583,98.22,1,INCLINADO,train
-0.50784,0.21491,0.81013,32.81,1,INCLINADO,train
0.88325,-0.33558,-0.35822,111.62,1,INCLINADO,test
-0.90199,-0.37914,-0.28505,107.08,1,INCLINADO,train
-0.41290,-0.88779,-0.08550,95.91,1,INCLINADO,val
0.27069,0.74959,0.61562,52.24,1,INCLINADO,val
-0.09532,0.75022,0.69102,46.04,1,INCLINADO,train
0.19043,0.73480,-0.64516,127.93,2,INVERTIDO,train
-0.36394,-0.13246,0.95468,21.51,0,REPOUSO,train
-0.12140,0.70972,-0.61619,131.26,2,INVERTIDO,train
-0.62150,-0.62934,-0.40613,115.22,1,INCLINADO,train
0.13401,-0.42403,0.89898,24.98,0,REPOUSO,train
0.70823,0.56113,-0.44479,115.81,1,INCLINADO,train
-0.29952,-0.14952,-0.95735,161.09,2,INVERTIDO,val
0.08720,0.28974,0.99134,16.66,0,REPOUSO,val
0.32730,-0.87754,-0.31641,107.33,1,INCLINADO,train
-0.39763,-0.23794,-0.86368,152.31,2,INVERTIDO,train
0.05880,-0.01243,1.02263,4.45,0,REPOUSO,val
-0.45200,0.43992,-0.80779,142.38,2,INVERTIDO,val
-0.40954,0.25206,-0.85901,149.78,2,INVERTIDO,train
-0.59242,0.84752,0.00304,90.31,1,INCLINADO,train
0.88247,-0.47224,0.06110,86.41,1,INCLINADO,test
0.12483,-0.29768,-1.01684,162.37,2,INVERTIDO,train
-0.35489,0.56767,0.72855,43.73,1,INCLINADO,train
0.80435,0.32765,-0.41284,116.57,1,INCLINADO,val
-0.13497,0.97387,0.01622,88.86,1,INCLINADO,test
-0.01412,0.01940,1.08864,1.20,0,REPOUSO,train
0.70472,0.58884,0.40551,65.63,1,INCLINADO,train
0.20291,0.39807,-0.90984,152.81,2,INVERTIDO,val
-0.23043,-0.95798,0.31631,71.36,1,INCLINADO,val
0.43300,-0.21645,-0.89024,152.40,2,INVERTIDO,train
0.51205,0.54058,-0.66309,132.77,2,INVERTIDO,train
0.02341,0.03085,1.06624,1.25,0,REPOUSO,train
-0.19224,-0.57501,0.87901,34.80,1,INCLINADO,train
0.64426,-0.71350,-0.28994,106.47,1,INCLINADO,train
-0.65987,0.43567,0.51228,58.98,1,INCLINADO,train
0.57006,0.28812,0.79862,37.46,1,INCLINADO,train
-0.15385,-0.00170,0.97638,8.01,0,REPOUSO,train
-0.06397,0.08901,0.97890,6.07,0,REPOUSO,test
-0.11314,0.90079,-0.32376,109.83,1,INCLINADO,train
-0.78106,0.55416,-0.32019,108.55,1,INCLINADO,train
-1.00964,-0.00748,0.19898,77.14,1,INCLINADO,test
0.68717,0.39904,0.57826,53.72,1,INCLINADO,train
0.74423,-0.08478,0.60773,51.08,1,INCLINADO,train
-0.86602,0.14791,-0.34503,109.50,1,INCLINADO,train
-0.90247,-0.07954,0.37175,67.78,1,INCLINADO,val
-0.93992,0.19644,-0.05160,94.58,1,INCLINADO,test
0.22756,-0.56393,-0.79432,143.57,2,INVERTIDO,test
0.27907,-0.91854,0.41417,64.20,1,INCLINADO,train
0.21472,0.40487,0.87402,27.52,0,REPOUSO,val
-0.56437,0.26315,-0.82317,139.62,2,INVERTIDO,test
-0.07908,0.02226,0.95414,5.33,0,REPOUSO,train
-0.32893,0.63962,0.64467,46.57,1,INCLINADO,train
-0.69504,0.27466,-0.62786,130.34,2,INVERTIDO,test
0.36752,-0.19711,0.97521,22.34,0,REPOUSO,train
-0.11044,0.21640,0.98430,13.45,0,REPOUSO,train
-0.40360,-0.86832,-0.08228,94.34,1,INCLINADO,train
0.16284,0.00356,0.95233,9.12,0,REPOUSO,train
0.88686,0.35940,0.37183,70.58,1,INCLINADO,train
0.86752,0.38678,0.36310,68.29,1,INCLINADO,train
-0.87378,0.43806,-0.06299,95.51,1,INCLINADO,train
0.49029,0.76670,-0.17830,102.01,1,INCLINADO,val
0.04933,0.15513,-0.99201,169.40,2,INVERTIDO,train
0.86127,0.50804,0.09139,82.75,1,INCLINADO,test
-0.41664,-0.55697,0.79121,41.16,1,INCLINADO,train
-0.70206,-0.13019,0.75056,42.82,1,INCLINADO,test
0.06888,0.08396,0.92593,7.98,0,REPOUSO,train
0.13317,-0.58054,-0.71434,140.25,2,INVERTIDO,train
0.39414,-0.08177,0.91208,23.54,0,REPOUSO,train
-0.49278,0.94131,0.03514,89.66,1,INCLINADO,val
-0.32113,-0.36682,0.83872,27.83,0,REPOUSO,train
0.07599,0.52758,-0.85823,146.40,2,INVERTIDO,test
0.09433,0.65110,0.74832,42.50,1,INCLINADO,train
0.68997,0.59970,-0.52728,121.68,2,INVERTIDO,val
0.43035,0.49693,0.84642,36.26,1,INCLINADO,train
-0.37751,0.39462,-0.75589,143.67,2,INVERTIDO,train
0.03984,0.07537,1.06138,3.51,0,REPOUSO,train
0.00469,-0.00109,-0.96461,179.99,2,INVERTIDO,val
0.46178,0.03853,-0.88744,150.92,2,INVERTIDO,train
-0.88261,-0.32376,-0.02455,91.61,1,INCLINADO,test
-0.66165,-0.00146,-0.81189,141.47,2,INVERTIDO,train
-0.33030,-0.52360,0.78091,37.96,1,INCLINADO,train
0.62888,0.20437,0.69363,42.38,1,INCLINADO,val
0.24625,-0.59487,0.70352,41.57,1,INCLINADO,val
0.37945,0.02628,0.90465,22.10,0,REPOUSO,val
-0.01433,0.60031,-0.76029,142.12,2,INVERTIDO,test
-0.26715,-0.49367,0.73873,38.13,1,INCLINADO,train
0.94419,-0.29468,-0.11216,94.53,1,INCLINADO,train
-0.48814,0.00306,-0.85447,151.28,2,INVERTIDO,train
-0.11010,0.14021,0.95712,11.11,0,REPOUSO,train
-0.38063,-0.52062,0.73171,40.04,1,INCLINADO,train
0.07624,-0.05176,1.02524,4.52,0,REPOUSO,train
-0.46367,-0.12625,0.86086,27.94,0,REPOUSO,train
0.39792,0.84777,0.32116,70.79,1,INCLINADO,train
0.16103,0.06922,-0.99441,168.71,2,INVERTIDO,train
0.60984,0.18394,0.79220,39.52,1,INCLINADO,train
0.42103,-0.20967,0.95964,26.80,0,REPOUSO,train
-0.21903,-0.57052,-0.81534,143.80,2,INVERTIDO,val
-0.05451,0.95244,0.25053,73.13,1,INCLINADO,train
-0.68362,-0.65326,-0.28508,106.59,1,INCLINADO,val
0.33587,0.90093,0.29063,73.20,1,INCLINADO,train
-0.90558,0.47051,-0.25402,104.54,1,INCLINADO,train
-0.15066,0.96236,0.20420,79.71,1,INCLINADO,train
0.04709,0.10118,0.96558,6.44,0,REPOUSO,train
-0.63552,-0.42075,-0.65609,131.14,2,INVERTIDO,val
0.88936,-0.32707,0.46119,63.25,1,INCLINADO,train
0.68171,0.07421,-0.79917,141.54,2,INVERTIDO,train
-0.47725,-0.64136,0.61887,51.69,1,INCLINADO,train
-0.96637,-0.11123,0.05378,84.35,1,INCLINADO,test
-1.02358,-0.15805,0.19752,78.40,1,INCLINADO,train
0.26366,0.18257,0.97153,19.19,0,REPOUSO,train
-0.04503,0.42576,0.92349,24.79,0,REPOUSO,train
-0.23784,0.70806,-0.70628,132.69,2,INVERTIDO,train
-0.84969,-0.26339,0.34798,70.75,1,INCLINADO,train
-0.19212,0.20283,0.88791,17.73,0,REPOUSO,train
-0.30722,0.24301,0.97651,23.48,0,REPOUSO,train
0.04060,0.24903,1.03377,13.38,0,REPOUSO,train
-0.22213,0.50808,-0.66598,139.19,2,INVERTIDO,test
-0.08511,-0.04135,-1.00009,175.74,2,INVERTIDO,train
-0.24840,0.20287,0.89538,19.48,0,REPOUSO,train
0.20382,0.11375,-0.96237,167.52,2,INVERTIDO,train
0.07088,0.16121,0.99528,7.22,0,REPOUSO,train
-0.25788,-0.66830,-0.68504,134.84,2,INVERTIDO,train
0.78591,-0.40985,0.43622,62.14,1,INCLINADO,train
-0.06139,-0.04264,0.96124,4.21,0,REPOUSO,test
0.09104,0.16707,-1.02527,168.25,2,INVERTIDO,val
0.10525,0.77250,-0.56495,127.42,2,INVERTIDO,train
0.25569,-0.26541,0.93827,20.09,0,REPOUSO,train
-0.14032,0.91835,0.23147,75.98,1,INCLINADO,test
-0.19241,-0.97373,-0.05854,93.40,1,INCLINADO,train
-0.45134,-0.74047,0.53910,60.10,1,INCLINADO,train
0.76044,0.42814,-0.51017,118.73,1,INCLINADO,train
-0.19345,0.25897,-0.97142,160.35,2,INVERTIDO,train
-0.31955,-0.82841,-0.45503,117.01,1,INCLINADO,val
0.12589,-0.06945,-0.97944,171.41,2,INVERTIDO,test
-0.55538,-0.64509,0.52503,58.34,1,INCLINADO,train
0.11030,-0.35874,0.88347,22.28,0,REPOUSO,train
0.71798,0.01413,-0.74442,136.61,2,INVERTIDO,train
0.11494,0.19423,0.98143,11.96,0,REPOUSO,train
-0.78345,0.02070,-0.65048,131.71,2,INVERTIDO,train
-0.22215,0.19763,0.96296,18.09,0,REPOUSO,test
0.44574,0.68711,-0.44325,120.21,2,INVERTIDO,train
0.46746,0.55162,-0.67793,133.35,2,INVERTIDO,train
-0.67289,-0.59173,0.40060,64.67,1,INCLINADO,val
-0.79831,0.58416,0.33446,72.77,1,INCLINADO,test
0.08816,-0.03576,1.04951,7.10,0,REPOUSO,train
0.30477,-0.10644,-0.85661,159.35,2,INVERTIDO,test
-0.43442,0.88212,-0.20885,103.79,1,INCLINADO,train
-0.13123,0.96566,0.31364,73.25,1,INCLINADO,train
0.13516,-0.13714,0.96385,13.01,0,REPOUSO,train
-0.07022,-0.79013,-0.59057,129.69,2,INVERTIDO,test
-0.37656,0.19381,-0.89922,155.05,2,INVERTIDO,train
-0.00133,-0.04608,0.96109,3.84,0,REPOUSO,train
0.71075,0.02208,-0.71285,133.49,2,INVERTIDO,train
-0.22413,0.30296,0.94600,23.42,0,REPOUSO,train
-0.93185,0.37870,0.04390,88.78,1,INCLINADO,train
0.07321,-0.75463,0.65459,47.31,1,INCLINADO,test
0.18321,-0.92659,-0.23223,102.16,1,INCLINADO,train
-0.23998,0.36988,-0.96644,154.66,2,INVERTIDO,test
-0.37313,-0.31791,0.90337,28.59,0,REPOUSO,train
0.42620,-0.35165,-0.85865,146.09,2,INVERTIDO,val
-0.12156,-0.16127,0.91487,13.88,0,REPOUSO,train
0.39357,0.83377,0.31814,74.22,1,INCLINADO,train
-0.12236,-0.06481,-0.98720,173.28,2,INVERTIDO,train
-0.06017,0.28981,0.96976,17.06,0,REPOUSO,train
0.10727,-0.80623,-0.48424,119.02,1,INCLINADO,train
0.70187,0.15347,0.69484,44.27,1,INCLINADO,train
-0.43222,-0.73086,0.48679,60.84,1,INCLINADO,test
0.48366,-0.68643,0.49766,58.59,1,INCLINADO,train
-0.19432,0.90114,-0.34023,110.10,1,INCLINADO,val
-0.28325,0.77625,0.57727,55.18,1,INCLINADO,train
0.13504,-0.81008,0.61919,54.61,1,INCLINADO,val
-0.32819,-0.74763,-0.52635,121.84,2,INVERTIDO,test
0.21547,-0.06995,0.96868,12.47,0,REPOUSO,train
-0.11169,-0.02512,1.01712,4.32,0,REPOUSO,test
0.14287,0.98363,0.20789,77.61,1,INCLINADO,test
-0.45188,0.15827,0.86905,27.55,0,REPOUSO,train
-0.25673,0.30668,-0.98462,158.87,2,INVERTIDO,train
0.28826,-0.02044,1.02044,16.59,0,REPOUSO,test
0.43333,-0.09485,0.82683,25.73,0,REPOUSO,train
0.28067,0.48065,0.86415,29.77,0,REPOUSO,train
-0.44150,0.20687,-0.86371,150.43,2,INVERTIDO,test
0.00612,-0.00026,-1.00857,179.49,2,INVERTIDO,train
0.53615,0.15301,-0.80320,145.56,2,INVERTIDO,val
-0.38091,-0.66415,-0.57557,127.64,2,INVERTIDO,test
-0.15427,0.29797,0.91054,21.30,0,REPOUSO,val
-0.35608,-0.30357,0.95960,24.97,0,REPOUSO,test
0.10123,0.94299,-0.47619,118.17,1,INCLINADO,test
-0.09539,0.15698,0.94814,8.44,0,REPOUSO,train
-0.83016,-0.09475,-0.57453,123.27,2,INVERTIDO,val
0.16078,-0.31304,0.97209,18.92,0,REPOUSO,train
0.53587,-0.58614,0.60547,53.74,1,INCLINADO,train
0.27446,-0.93877,-0.07716,94.16,1,INCLINADO,test
0.16104,-0.17977,-0.92762,164.30,2,INVERTIDO,train
-0.07620,-0.10361,-0.94779,174.16,2,INVERTIDO,train
0.05325,0.09496,-0.94911,174.11,2,INVERTIDO,train
-0.54751,0.81049,0.15183,80.38,1,INCLINADO,test
0.12237,-0.09705,1.07172,6.98,0,REPOUSO,train
0.03485,0.60813,0.81882,36.20,1,INCLINADO,train
0.02361,0.10080,0.96429,7.99,0,REPOUSO,train
-0.00204,-0.52816,-0.79392,145.65,2,INVERTIDO,test
0.78801,-0.35141,-0.56127,122.90,2,INVERTIDO,val
0.19405,0.58831,-0.78400,142.07,2,INVERTIDO,test
0.26319,-0.04608,0.92476,15.19,0,REPOUSO,train
0.02175,0.00571,0.98450,1.56,0,REPOUSO,train
-0.79564,-0.24757,-0.51503,122.31,2,INVERTIDO,train
0.62402,0.71495,0.25910,74.79,1,INCLINADO,test
-0.36809,-0.22567,0.88457,24.12,0,REPOUSO,train
0.48414,0.79727,-0.37827,112.38,1,INCLINADO,train
-0.38507,0.09484,0.93630,22.38,0,REPOUSO,val
-0.05327,-0.30425,-0.90780,161.90,2,INVERTIDO,train
-0.01214,0.02716,-1.01239,178.08,2,INVERTIDO,val
-0.39029,0.12570,0.98364,23.48,0,REPOUSO,test
-0.82948,0.40884,-0.22477,104.53,1,INCLINADO,train
-0.15395,0.69930,0.62741,48.33,1,INCLINADO,train
-0.20952,0.43181,0.89896,29.15,0,REPOUSO,train
0.14557,0.19972,0.97647,11.29,0,REPOUSO,test
-0.25801,0.47880,-0.82314,147.69,2,INVERTIDO,train
0.61794,0.10711,0.76487,39.54,1,INCLINADO,test
-0.26852,0.13038,-0.95737,163.57,2,INVERTIDO,train
-0.39693,0.14786,0.85448,27.32,0,REPOUSO,train
-0.36698,-0.24681,0.84858,26.25,0,REPOUSO,test
-0.64586,-0.21417,-0.75095,137.59,2,INVERTIDO,train
-0.10716,0.88518,-0.38083,111.47,1,INCLINADO,train
-0.92937,0.09779,0.24269,72.66,1,INCLINADO,val
-0.18989,-0.43166,0.82985,29.86,0,REPOUSO,test
-0.95785,0.11187,0.26507,76.13,1,INCLINADO,val
0.65054,-0.19829,-0.67555,136.97,2,INVERTIDO,train
0.65681,0.09054,0.73115,42.90,1,INCLINADO,train
0.67077,-0.30992,0.65626,48.66,1,INCLINADO,test
-0.26760,-0.85012,0.37938,65.64,1,INCLINADO,train
0.84097,-0.13905,0.58003,56.55,1,INCLINADO,train
-0.01099,0.05566,0.99403,2.75,0,REPOUSO,val
0.48668,-0.46571,-0.73115,137.95,2,INVERTIDO,train
0.81719,-0.04452,-0.59703,126.49,2,INVERTIDO,train
0.03460,-0.04742,-1.03224,174.34,2,INVERTIDO,train
0.06129,0.55399,-0.89256,149.30,2,INVERTIDO,val
-0.15944,-0.25753,0.90532,18.18,0,REPOUSO,val
0.27172,-0.18558,0.99051,17.38,0,REPOUSO,val
0.36350,-0.42830,-0.79676,146.05,2,INVERTIDO,val
-0.02734,-0.33271,0.91425,18.61,0,REPOUSO,train
0.45722,-0.56534,-0.68966,133.45,2,INVERTIDO,train
-0.24947,0.17470,1.02465,15.92,0,REPOUSO,train
0.40232,0.65937,-0.64183,130.43,2,INVERTIDO,train
0.10401,-0.80999,-0.60563,127.14,2,INVERTIDO,train
0.15192,0.11411,0.99468,11.17,0,REPOUSO,train
-0.18482,-0.29107,0.87468,19.97,0,REPOUSO,train
-0.54704,-0.70126,-0.65083,126.65,2,INVERTIDO,train
0.09679,-0.35747,-0.98299,158.89,2,INVERTIDO,test
0.18394,0.91693,-0.21115,103.94,1,INCLINADO,train
-0.02538,-0.76206,-0.69923,131.29,2,INVERTIDO,train
-0.08439,-0.16137,-0.98453,170.30,2,INVERTIDO,train
0.37139,-0.13816,-0.92901,155.96,2,INVERTIDO,train
-0.56532,-0.27928,-0.76005,141.11,2,INVERTIDO,train
-0.74054,0.52004,0.35029,68.12,1,INCLINADO,train
0.11314,-0.26016,0.93260,17.65,0,REPOUSO,train
-0.03218,0.03118,0.92824,2.85,0,REPOUSO,train
-0.64292,-0.68032,-0.34173,112.31,1,INCLINADO,train
-0.82037,0.59432,0.03195,90.16,1,INCLINADO,val
0.15895,-0.45278,0.88835,27.63,0,REPOUSO,train
-0.42966,0.70154,-0.57039,123.91,2,INVERTIDO,train
0.55974,-0.24875,-0.75314,140.39,2,INVERTIDO,test
0.47874,0.94260,0.12227,84.29,1,INCLINADO,train
0.03703,0.01599,1.02535,2.63,0,REPOUSO,train
0.92864,0.15481,-0.09399,95.23,1,INCLINADO,train
-0.37816,0.06322,0.89581,23.06,0,REPOUSO,test
-0.76708,0.16838,-0.67375,129.64,2,INVERTIDO,train
-0.19343,-0.77972,0.57483,51.97,1,INCLINADO,train
0.37954,0.29800,-0.87553,150.29,2,INVERTIDO,train
-0.59850,0.35340,-0.69239,135.68,2,INVERTIDO,train
0.05727,0.91065,0.22499,75.93,1,INCLINADO,train
0.07682,-0.50848,-0.92401,152.52,2,INVERTIDO,test
0.27229,0.88721,0.32870,69.82,1,INCLINADO,test
-0.18805,-0.30621,-1.01419,162.77,2,INVERTIDO,train
0.05603,-0.59340,0.80962,36.47,1,INCLINADO,train
-0.17789,-0.23125,-0.90352,161.59,2,INVERTIDO,train
0.80488,-0.44911,-0.38181,113.51,1,INCLINADO,val
-0.10552,0.14860,0.95915,11.43,0,REPOUSO,train
0.02661,0.94226,0.35023,68.75,1,INCLINADO,train
-0.94598,-0.35379,0.15925,80.41,1,INCLINADO,train
0.33916,0.00040,-0.97143,159.49,2,INVERTIDO,train
0.15547,-0.27815,-0.93967,161.17,2,INVERTIDO,train
-0.17678,0.10415,-1.01345,169.14,2,INVERTIDO,train
0.25934,-0.04957,0.92792,13.98,0,REPOUSO,train
-0.27171,-0.36761,0.85481,24.76,0,REPOUSO,train
0.01721,-0.41986,-0.87728,156.22,2,INVERTIDO,val
0.09481,-0.27032,0.92697,16.78,0,REPOUSO,train
0.23614,-0.26203,0.91186,20.11,0,REPOUSO,train
0.65194,0.57192,0.36612,67.41,1,INCLINADO,train
0.09713,0.01499,1.01675,5.99,0,REPOUSO,train
0.31959,-0.10571,-1.01802,161.65,2,INVERTIDO,train
0.07237,0.02788,1.00047,5.19,0,REPOUSO,val
-0.38700,-0.57084,0.74498,43.82,1,INCLINADO,train
0.01577,0.03957,0.95454,0.63,0,REPOUSO,train
-0.45777,-0.17782,-0.88911,150.45,2,INVERTIDO,train
0.40523,-0.57908,0.76329,42.01,1,INCLINADO,train
-0.06274,-0.01452,1.03576,4.35,0,REPOUSO,train
0.05120,-0.04471,-1.01799,176.90,2,INVERTIDO,test
-0.03699,0.66014,-0.69787,135.51,2,INVERTIDO,train
0.16390,0.67634,-0.74390,139.29,2,INVERTIDO,train
0.23824,0.09015,1.00572,14.09,0,REPOUSO,train
-0.13748,-0.15855,0.97414,13.05,0,REPOUSO,train
0.02165,-0.01565,-0.95482,178.87,2,INVERTIDO,train
-0.69193,0.29540,0.63016,48.45,1,INCLINADO,train
0.29903,-0.23081,0.92255,20.89,0,REPOUSO,test
-0.65517,-0.44283,-0.52042,124.54,2,INVERTIDO,val
0.27360,-0.92861,-0.13033,98.25,1,INCLINADO,train
0.20292,0.77066,0.65447,49.95,1,INCLINADO,train
0.38002,-0.74889,-0.58058,126.74,2,INVERTIDO,test
0.99619,-0.00729,-0.14938,97.82,1,INCLINADO,train
-0.30671,-0.27833,-0.85212,152.49,2,INVERTIDO,train
0.01563,-0.00126,1.01426,1.72,0,REPOUSO,train
-0.33634,-0.04360,0.90786,18.91,0,REPOUSO,train
0.50658,-0.19105,-0.75698,143.95,2,INVERTIDO,train
-0.16373,-0.29335,-0.93480,160.08,2,INVERTIDO,train
-0.01256,-0.02283,0.96433,2.40,0,REPOUSO,train
-0.79960,0.48371,-0.32928,108.02,1,INCLINADO,train
0.48337,-0.87215,0.05129,87.45,1,INCLINADO,train
0.16201,0.41734,0.84140,26.02,0,REPOUSO,val
-0.39079,0.93818,-0.10920,95.32,1,INCLINADO,train
-0.34300,0.78223,-0.55450,124.19,2,INVERTIDO,test
-0.02171,0.02182,1.03908,2.71,0,REPOUSO,train
0.04272,-0.46053,0.95827,25.31,0,REPOUSO,train
-0.64817,0.35788,-0.74481,135.64,2,INVERTIDO,train
0.30409,-0.25500,0.99853,22.17,0,REPOUSO,train
-0.37950,0.26245,-0.78393,148.60,2,INVERTIDO,train
0.12774,0.14351,0.92270,11.23,0,REPOUSO,train
0.64226,-0.48934,-0.62486,128.75,2,INVERTIDO,train
-0.36812,0.41556,-0.76270,145.36,2,INVERTIDO,val
0.83389,-0.32683,0.30105,69.51,1,INCLINADO,val
0.67325,-0.26892,-0.77084,135.86,2,INVERTIDO,train
-0.07925,0.05570,0.94534,5.01,0,REPOUSO,train
-0.12838,0.35958,0.95523,19.89,0,REPOUSO,train
-0.30123,-0.02024,0.99946,17.52,0,REPOUSO,test
0.31697,0.19897,0.88443,22.95,0,REPOUSO,train
-0.21362,-0.17192,0.90024,19.50,0,REPOUSO,test
-0.06858,0.11607,-0.98405,173.60,2,INVERTIDO,val
-0.20238,-0.08228,0.92966,12.84,0,REPOUSO,test
-0.83496,-0.52858,0.22787,76.02,1,INCLINADO,train
0.87488,0.03393,-0.52246,119.61,1,INCLINADO,train
0.23722,0.85022,-0.57513,123.28,2,INVERTIDO,train
-0.02756,0.00815,-0.99877,178.37,2,INVERTIDO,val
0.02507,0.63564,0.66583,41.68,1,INCLINADO,val
0.05954,-0.08474,-0.96141,172.42,2,INVERTIDO,test
0.56789,-0.41680,0.66655,46.60,1,INCLINADO,train
0.82314,0.32785,-0.54250,123.41,2,INVERTIDO,train
0.13426,-0.16355,0.91966,14.43,0,REPOUSO,train
0.01650,0.10519,1.01913,5.14,0,REPOUSO,train
-0.29741,-0.00564,0.95946,18.33,0,REPOUSO,val
0.73927,0.53424,-0.42766,114.27,1,INCLINADO,train
-0.53108,0.18786,-0.86577,147.65,2,INVERTIDO,test
-0.05546,0.39358,1.02699,21.29,0,REPOUSO,train
-0.02046,0.01665,-1.03492,179.56,2,INVERTIDO,train
0.59447,-0.45530,-0.74854,134.53,2,INVERTIDO,val
0.14207,0.02616,0.98787,9.06,0,REPOUSO,train
0.65104,-0.50736,-0.65980,126.98,2,INVERTIDO,train
-0.18627,0.70745,-0.75243,135.86,2,INVERTIDO,train
-0.86204,0.60533,-0.03871,93.62,1,INCLINADO,train
-0.08605,-0.57495,-0.85767,144.09,2,INVERTIDO,train
-0.11094,0.45887,0.87167,28.86,0,REPOUSO,test
-0.17078,-0.01295,0.97707,8.65,0,REPOUSO,val
-0.32158,0.01246,0.91046,19.86,0,REPOUSO,train
0.51383,0.88930,-0.23514,103.60,1,INCLINADO,val
-0.26520,-0.07030,0.91332,16.06,0,REPOUSO,train
-0.13094,0.40239,-0.88042,156.19,2,INVERTIDO,train
-0.06042,0.04470,0.96574,3.55,0,REPOUSO,train
0.30152,0.28251,0.84362,24.83,0,REPOUSO,train
-0.00961,0.06996,0.98561,4.04,0,REPOUSO,train
0.17097,-0.16438,0.93088,15.02,0,REPOUSO,train
0.42909,0.84853,0.22065,76.72,1,INCLINADO,train
-0.51040,0.79643,-0.04232,92.57,1,INCLINADO,train
0.75679,0.07413,0.67688,46.70,1,INCLINADO,val
0.23236,0.20802,-0.94938,161.49,2,INVERTIDO,train
-0.04810,-0.07380,0.99298,3.54,0,REPOUSO,train
0.14257,0.00234,-1.01892,173.94,2,INVERTIDO,train
-0.05447,-0.00509,0.90309,6.00,0,REPOUSO,val
0.02940,-0.09816,-1.08174,174.54,2,INVERTIDO,train
-0.79695,0.14607,0.65288,50.36,1,INCLINADO,train
0.06111,-0.27094,-0.91197,163.13,2,INVERTIDO,train
0.02580,0.01621,1.04762,0.65,0,REPOUSO,train
0.77231,0.24334,0.57407,54.68,1,INCLINADO,train
0.57167,-0.83083,0.10019,82.31,1,INCLINADO,val
0.14163,-0.06137,1.02782,8.81,0,REPOUSO,val
0.10227,-0.15052,0.98135,10.82,0,REPOUSO,val
0.16634,-0.36026,-0.91706,154.54,2,INVERTIDO,train
-0.96982,0.24183,-0.06324,94.57,1,INCLINADO,val
0.25071,0.35537,-0.95900,154.87,2,INVERTIDO,test
-0.04167,-0.47082,-0.90243,151.69,2,INVERTIDO,test
0.17339,-0.15397,1.05492,11.81,0,REPOUSO,train
0.06090,0.30619,-0.95255,162.22,2,INVERTIDO,train
-0.27800,-0.77815,-0.46301,120.82,2,INVERTIDO,val
0.27141,-0.03521,-0.94175,164.53,2,INVERTIDO,train
-0.41850,-0.74808,-0.55507,122.07,2,INVERTIDO,train
-0.10408,0.04169,0.99082,5.84,0,REPOUSO,train
-0.21738,-0.12944,0.97794,15.45,0,REPOUSO,val
-0.78278,-0.07386,-0.62312,129.63,2,INVERTIDO,train
-0.33819,-0.87763,0.39250,68.70,1,INCLINADO,train
0.72768,0.52201,-0.56470,121.43,2,INVERTIDO,train
-0.26930,0.61262,0.82933,39.37,1,INCLINADO,train
0.12318,0.50715,-0.90575,150.17,2,INVERTIDO,val
-0.01451,0.09084,0.96588,4.57,0,REPOUSO,train
0.39791,-0.65055,0.74759,45.06,1,INCLINADO,train
-0.05349,-0.23528,-1.04175,166.28,2,INVERTIDO,train
-0.02608,0.00553,-1.03422,179.86,2,INVERTIDO,train
0.12373,0.18670,0.94279,14.08,0,REPOUSO,test
-0.64742,0.42319,0.66748,47.11,1,INCLINADO,test
0.08593,-0.07032,-0.99504,172.16,2,INVERTIDO,train
0.11099,0.13473,0.96902,9.43,0,REPOUSO,val
-0.04969,0.93769,0.34644,68.78,1,INCLINADO,val
-0.08961,-0.07248,1.02706,7.68,0,REPOUSO,train
0.31663,-0.05208,0.91605,19.32,0,REPOUSO,train
-0.48025,-0.06642,-0.86991,150.14,2,INVERTIDO,train
0.06802,-0.03762,-0.97171,174.69,2,INVERTIDO,train
0.71078,-0.67639,-0.31685,107.89,1,INCLINADO,train
0.49227,-0.33684,-0.86355,145.10,2,INVERTIDO,train
0.42326,-0.27921,0.87577,29.40,0,REPOUSO,test
-0.61640,0.36330,0.61022,49.01,1,INCLINADO,test
-0.38330,-0.06724,0.93408,23.52,0,REPOUSO,val
0.50036,-0.38283,-0.72458,140.87,2,INVERTIDO,train
0.15394,0.30213,0.98119,19.56,0,REPOUSO,train
0.06789,0.14218,-1.04576,170.06,2,INVERTIDO,train
-0.16297,0.25386,0.95542,19.04,0,REPOUSO,test
0.55328,-0.85078,-0.09883,93.87,1,INCLINADO,train
-0.96207,-0.09540,-0.30099,108.08,1,INCLINADO,train
0.10594,-0.01293,-1.03747,174.65,2,INVERTIDO,train
0.08247,0.57603,0.86637,33.59,1,INCLINADO,test
0.12224,0.01595,0.98079,6.99,0,REPOUSO,test
0.58440,0.30421,0.75704,42.55,1,INCLINADO,train
0.83794,0.32883,0.35674,68.82,1,INCLINADO,train
0.11502,0.28032,0.94191,16.96,0,REPOUSO,train
0.25406,0.34942,-0.93538,155.04,2,INVERTIDO,train
0.43583,-0.01778,0.90316,25.60,0,REPOUSO,val
-0.63209,-0.31642,0.75533,40.69,1,INCLINADO,train
0.63895,-0.06308,-0.84875,142.77,2,INVERTIDO,val
0.74093,-0.58598,-0.36356,111.75,1,INCLINADO,train
-0.04185,-0.08211,0.93681,3.90,0,REPOUSO,train
-0.41223,0.89250,-0.12412,95.80,1,INCLINADO,test
-0.68209,-0.29610,-0.74020,135.65,2,INVERTIDO,test
0.19774,-0.03001,-0.93992,168.26,2,INVERTIDO,train
-0.36482,0.26618,-0.93090,153.27,2,INVERTIDO,train
-0.06339,-0.17389,-1.07026,172.68,2,INVERTIDO,test
0.33613,-0.19808,-0.92196,156.97,2,INVERTIDO,test
0.04848,-0.36730,0.93917,22.74,0,REPOUSO,train
0.30510,-0.93816,0.00943,90.21,1,INCLINADO,train
-0.18037,-0.06243,0.96375,12.26,0,REPOUSO,train
-0.59498,-0.81473,0.26612,75.91,1,INCLINADO,train
0.79587,-0.41723,0.15541,82.28,1,INCLINADO,train
0.02045,-0.00694,0.96402,2.83,0,REPOUSO,train
0.57020,0.02737,0.77229,35.47,1,INCLINADO,test
-0.91688,-0.23837,-0.20073,101.84,1,INCLINADO,train
-0.48849,0.96580,0.05657,87.63,1,INCLINADO,test
0.99548,0.16314,0.08961,86.19,1,INCLINADO,test
0.15288,0.36386,0.86554,24.89,0,REPOUSO,train
0.16260,-0.50638,0.82288,31.40,1,INCLINADO,train
0.41574,0.35762,-0.84218,146.42,2,INVERTIDO,val
0.68428,-0.24550,-0.75169,137.88,2,INVERTIDO,val
-0.54580,0.81824,0.36561,68.47,1,INCLINADO,train
0.00442,-0.07054,0.97778,4.61,0,REPOUSO,train
0.38316,-0.87592,-0.15026,97.16,1,INCLINADO,train
0.29110,0.10182,-0.97816,162.02,2,INVERTIDO,train
0.72581,0.58432,-0.46413,116.32,1,INCLINADO,train
0.25570,-0.13440,0.97623,16.65,0,REPOUSO,test
-0.37399,-0.05812,0.94735,21.16,0,REPOUSO,train
0.48149,-0.77171,-0.43480,115.46,1,INCLINADO,train
-0.74189,-0.61870,0.36411,68.31,1,INCLINADO,train
0.11040,0.00263,-1.01800,174.50,2,INVERTIDO,train
-0.02774,0.15245,0.94899,9.37,0,REPOUSO,train
-0.43869,-0.48630,-0.71580,139.36,2,INVERTIDO,train
-0.01409,0.01851,-1.00675,177.69,2,INVERTIDO,train
-0.00602,0.09768,-1.00932,174.37,2,INVERTIDO,train
0.02014,0.02340,-0.98461,176.71,2,INVERTIDO,val
-0.37271,-0.03020,0.84295,23.98,0,REPOUSO,train
-0.27369,0.30260,0.90737,23.52,0,REPOUSO,val
0.06275,-0.13816,-0.98754,170.67,2,INVERTIDO,train
-0.32504,-0.04367,-0.95970,160.28,2,INVERTIDO,test
-0.24341,0.14712,0.96360,15.14,0,REPOUSO,train
-0.76447,-0.06335,-0.64048,130.17,2,INVERTIDO,val
-0.40245,-0.06376,-0.85536,154.97,2,INVERTIDO,val
-0.00877,0.42349,0.82630,28.38,0,REPOUSO,test
0.47909,-0.89147,-0.01845,91.70,1,INCLINADO,train
-0.26686,0.63558,-0.68442,134.15,2,INVERTIDO,train
0.07948,0.44091,0.91137,25.51,0,REPOUSO,train
-0.25119,-0.55843,-0.74259,139.07,2,INVERTIDO,train
-0.10566,0.45143,0.86864,29.45,0,REPOUSO,train
-0.92029,-0.24279,0.38836,68.50,1,INCLINADO,train
0.33540,0.10863,0.97665,18.95,0,REPOUSO,train
0.01146,0.04394,1.01763,3.46,0,REPOUSO,train
-0.50044,-0.00170,-0.84006,147.85,2,INVERTIDO,train
0.33222,-0.05531,0.88838,20.63,0,REPOUSO,train
0.34899,0.48973,0.86204,35.54,1,INCLINADO,train
0.08349,-0.38899,0.89589,22.92,0,REPOUSO,train
-0.41466,-0.21512,-0.86115,153.06,2,INVERTIDO,train
-0.07365,0.08203,-0.96494,173.89,2,INVERTIDO,train
-0.25919,0.15134,-0.97157,162.40,2,INVERTIDO,train
-0.19903,0.19690,-0.92398,162.51,2,INVERTIDO,train
-0.27765,0.92236,-0.20148,101.55,1,INCLINADO,train
0.02723,0.04759,1.02272,3.48,0,REPOUSO,train
-0.73283,0.33423,-0.57187,125.37,2,INVERTIDO,test
0.49493,0.75793,0.39738,65.36,1,INCLINADO,train
-0.28409,0.05162,0.92971,15.75,0,REPOUSO,test
0.39446,-0.48706,0.80366,36.59,1,INCLINADO,train
-0.97663,0.14266,0.10447,85.96,1,INCLINADO,train
-0.21545,0.28079,0.87295,21.53,0,REPOUSO,train
-0.84674,0.44885,0.30409,72.30,1,INCLINADO,train
0.03611,-0.99014,0.28653,74.82,1,INCLINADO,train
-0.95304,-0.03580,-0.25627,105.69,1,INCLINADO,train
-0.00217,-0.14025,1.02970,6.77,0,REPOUSO,train
0.15766,-0.07768,0.94261,9.43,0,REPOUSO,train
0.58960,0.16174,0.81396,36.57,1,INCLINADO,test
-0.39945,-0.07558,-0.92844,155.33,2,INVERTIDO,test
-0.32136,0.59292,-0.72825,136.08,2,INVERTIDO,val
0.51234,-0.80171,0.39622,68.16,1,INCLINADO,train
-0.46001,0.56396,-0.70045,133.81,2,INVERTIDO,train
0.09573,0.29436,0.93139,17.14,0,REPOUSO,train
0.03470,0.01832,0.95385,0.22,0,REPOUSO,test
0.01382,-0.13658,1.01888,10.85,0,REPOUSO,train
-0.00395,-0.02796,1.02149,3.19,0,REPOUSO,val
-0.86740,0.06393,0.58901,58.00,1,INCLINADO,test
-0.42153,0.27704,0.82740,32.54,1,INCLINADO,train
0.98263,-0.08254,-0.25465,106.67,1,INCLINADO,train
-0.21706,-0.06972,1.02280,10.95,0,REPOUSO,train
0.25657,0.12997,0.93887,18.18,0,REPOUSO,train
0.01541,-0.00859,1.03819,0.42,0,REPOUSO,train
-0.36043,0.18050,0.86359,25.26,0,REPOUSO,train
0.63208,0.36512,0.59329,49.61,1,INCLINADO,train
0.21883,0.00325,1.01793,11.62,0,REPOUSO,train
0.09517,-0.04850,0.95496,7.16,0,REPOUSO,train
-0.65861,0.45896,0.68391,49.73,1,INCLINADO,val
0.30422,-0.77022,0.58594,55.32,1,INCLINADO,test
0.18762,-0.19969,0.95130,15.98,0,REPOUSO,train
0.16945,-0.17961,1.02499,14.13,0,REPOUSO,train
0.15413,0.50094,-0.91647,150.09,2,INVERTIDO,train
0.10320,-0.57347,0.86892,33.01,1,INCLINADO,test
1.00415,0.05986,-0.05656,95.13,1,INCLINADO,train
0.23776,-0.33213,0.94210,24.14,0,REPOUSO,val
0.32917,0.07492,0.90467,17.73,0,REPOUSO,train
0.84986,-0.35065,-0.54235,121.44,2,INVERTIDO,train
-0.67204,0.37555,0.71925,45.88,1,INCLINADO,train
0.07773,-0.01448,0.99932,4.02,0,REPOUSO,train
0.62816,-0.41160,-0.58249,127.80,2,INVERTIDO,test
0.92186,-0.11883,-0.57840,120.23,2,INVERTIDO,test
-0.26936,0.42174,-0.85729,150.70,2,INVERTIDO,train
0.31698,0.26135,0.90199,21.77,0,REPOUSO,train
0.51334,-0.26533,-0.82801,147.52,2,INVERTIDO,train
-0.02707,-0.03469,0.96566,2.63,0,REPOUSO,val
-0.81395,0.52471,-0.17852,101.02,1,INCLINADO,train
0.75470,0.60961,0.23373,77.09,1,INCLINADO,train
-0.31302,0.32637,-0.95425,151.72,2,INVERTIDO,train
-0.21887,-0.06954,0.97217,11.12,0,REPOUSO,train
0.65232,0.69507,0.27997,73.83,1,INCLINADO,train
0.37106,-0.51332,0.80476,36.87,1,INCLINADO,train
0.27326,-0.25511,-0.86741,157.08,2,INVERTIDO,test
-0.10198,0.49764,0.77888,33.54,1,INCLINADO,train
-0.12585,0.94825,0.26492,72.87,1,INCLINADO,val
-0.31085,0.16987,0.93293,20.84,0,REPOUSO,train
-0.07519,-0.00958,0.93096,3.58,0,REPOUSO,train
0.21661,0.16869,0.92983,16.19,0,REPOUSO,train
-0.02013,0.01638,1.03764,1.55,0,REPOUSO,test
0.15439,0.30768,0.97817,20.14,0,REPOUSO,train
-0.05370,-0.07201,0.96597,3.95,0,REPOUSO,val
-0.07486,-0.59467,0.82682,38.11,1,INCLINADO,val
-0.00772,-0.43890,0.89338,24.74,0,REPOUSO,train
0.11509,-0.06060,-1.06141,173.79,2,INVERTIDO,train
0.83089,0.03419,-0.50882,120.58,2,INVERTIDO,val
0.06292,0.12106,0.96782,8.34,0,REPOUSO,val
0.79148,0.07033,0.53477,55.18,1,INCLINADO,train
0.05774,-0.07817,-0.91449,174.17,2,INVERTIDO,train
-0.01368,-0.05010,-1.06073,176.86,2,INVERTIDO,val
-0.37492,-0.79475,-0.44323,116.31,1,INCLINADO,train
-0.05997,-0.07030,1.05670,4.66,0,REPOUSO,train
0.10827,-0.15319,0.94441,11.00,0,REPOUSO,train
-0.66121,0.80697,0.08014,85.81,1,INCLINADO,train
0.50188,0.81604,-0.20433,101.84,1,INCLINADO,train
0.30925,-0.64056,0.71835,45.47,1,INCLINADO,train
-0.20342,0.87888,0.43489,64.47,1,INCLINADO,train
0.23684,0.42616,0.88272,27.21,0,REPOUSO,train
0.00451,-0.00570,0.97556,1.30,0,REPOUSO,train
-0.01174,0.00592,-1.02277,179.27,2,INVERTIDO,train
-0.23784,-0.00442,1.00681,12.56,0,REPOUSO,train
-0.40634,0.31734,-0.83313,149.84,2,INVERTIDO,train
0.07085,0.03852,1.02078,5.24,0,REPOUSO,train
0.00697,-0.15862,0.96589,6.82,0,REPOUSO,train
0.49500,-0.04259,0.84296,29.12,0,REPOUSO,train
0.01139,-0.04156,-0.93325,177.29,2,INVERTIDO,train
-0.07561,-0.17804,1.04927,12.38,0,REPOUSO,val
0.15569,-0.85719,-0.45972,118.82,1,INCLINADO,train
-0.22825,-0.01126,0.88433,14.20,0,REPOUSO,train
-0.35053,-0.06583,-0.86424,159.35,2,INVERTIDO,train
0.22367,-0.91138,0.15955,80.10,1,INCLINADO,train
-0.03956,0.06421,0.92238,4.19,0,REPOUSO,train
0.00859,0.00286,-0.94905,178.25,2,INVERTIDO,train
-0.08128,0.15652,0.97172,9.95,0,REPOUSO,val
0.68031,0.16783,0.72124,44.24,1,INCLINADO,train
0.83669,-0.50105,0.32037,72.01,1,INCLINADO,train
0.03717,0.13766,-0.93582,170.92,2,INVERTIDO,train
-0.10515,-0.02956,1.01553,6.98,0,REPOUSO,train
-0.08728,0.05091,0.97599,4.91,0,REPOUSO,train
-0.43954,-0.68273,-0.64620,128.72,2,INVERTIDO,test
-0.09523,-0.68995,0.63351,48.66,1,INCLINADO,test
-0.42603,-0.07968,-0.85940,152.17,2,INVERTIDO,train
0.06242,0.38907,-1.03061,158.54,2,INVERTIDO,train
0.72764,0.64398,-0.28915,106.45,1,INCLINADO,test
0.12680,-0.06470,0.96329,8.52,0,REPOUSO,train
-0.48610,-0.71020,0.33919,70.57,1,INCLINADO,train
0.15260,-0.35825,0.91733,25.31,0,REPOUSO,val
-0.48906,-0.77902,0.47312,63.01,1,INCLINADO,train
0.14237,0.69571,0.75376,43.72,1,INCLINADO,val
0.00770,-0.66041,0.79178,39.21,1,INCLINADO,train
0.14176,0.26058,0.99070,17.17,0,REPOUSO,train
-0.76763,-0.00330,0.63929,49.81,1,INCLINADO,train
-0.58248,-0.69038,-0.19842,101.61,1,INCLINADO,test
-0.82866,-0.37877,0.41012,66.37,1,INCLINADO,train
-1.00308,0.29167,-0.26224,102.93,1,INCLINADO,train
0.65433,0.10142,-0.67619,136.40,2,INVERTIDO,train
-0.91129,0.07524,0.36897,66.01,1,INCLINADO,train
0.07930,0.34683,0.96238,20.58,0,REPOUSO,train
-0.72374,0.18096,-0.63430,129.24,2,INVERTIDO,train
0.12418,0.22966,0.96140,15.71,0,REPOUSO,val
-0.90216,-0.28333,0.36679,68.89,1,INCLINADO,train
-0.06419,-0.00501,-0.96689,176.95,2,INVERTIDO,test
0.38530,-0.33392,0.86196,27.08,0,REPOUSO,train
0.81065,-0.53486,0.06221,85.88,1,INCLINADO,train
-0.11812,-0.70280,0.71984,46.03,1,INCLINADO,train
0.07789,0.99041,-0.00858,91.11,1,INCLINADO,train
0.10953,-0.01454,0.98653,5.95,0,REPOUSO,test
0.07888,0.07823,0.95225,5.68,0,REPOUSO,train
-0.22170,0.63309,-0.68465,136.13,2,INVERTIDO,train
-0.38221,0.02075,0.89665,22.66,0,REPOUSO,test
0.55765,-0.08055,0.85904,31.27,1,INCLINADO,val
-0.42180,0.71902,0.49141,60.57,1,INCLINADO,test
-0.31523,-0.46117,0.85271,31.87,1,INCLINADO,train
-0.02995,0.09505,1.01036,5.12,0,REPOUSO,train
-0.73460,-0.50447,-0.49243,117.86,1,INCLINADO,test
-0.44377,0.36668,-0.71870,142.02,2,INVERTIDO,val
-0.01532,0.03772,0.93636,2.70,0,REPOUSO,train
0.00521,0.00038,-1.00112,179.82,2,INVERTIDO,train
0.30617,-0.77908,-0.60560,125.49,2,INVERTIDO,train
0.04842,0.57195,-0.73747,144.19,2,INVERTIDO,train
-0.90323,-0.02321,0.25242,74.74,1,INCLINADO,test
0.17719,0.16935,-1.00547,166.88,2,INVERTIDO,train
0.05484,-0.22776,0.96980,13.17,0,REPOUSO,train
0.90116,0.47227,0.07518,88.66,1,INCLINADO,train
-0.14674,0.89552,-0.41762,113.22,1,INCLINADO,val
-0.48832,0.40271,-0.72194,139.03,2,INVERTIDO,train
0.46098,-0.35966,-0.80766,142.74,2,INVERTIDO,val
0.42931,-0.91981,-0.02656,91.15,1,INCLINADO,train
0.57985,0.23069,-0.81674,141.67,2,INVERTIDO,train
0.00907,-0.06473,0.97439,5.89,0,REPOUSO,val
0.78409,0.64337,0.02854,88.43,1,INCLINADO,train
0.53428,0.70213,0.53201,59.17,1,INCLINADO,train
0.30884,0.31301,0.88405,26.52,0,REPOUSO,test
-0.10562,-0.10673,-0.98116,170.80,2,INVERTIDO,val
-0.16290,0.68098,0.67850,45.73,1,INCLINADO,train
-0.60661,0.58465,-0.56537,123.55,2,INVERTIDO,train
-0.19962,0.93501,-0.45376,114.59,1,INCLINADO,train
-0.87231,0.03194,-0.53271,119.91,1,INCLINADO,train
-0.97865,0.16933,-0.38725,109.61,1,INCLINADO,test
-0.35225,-0.14859,0.96497,22.76,0,REPOUSO,test
-0.63432,0.54012,-0.48243,121.04,2,INVERTIDO,train
0.20222,-0.29790,0.90361,22.83,0,REPOUSO,train
-0.25462,-0.37711,0.83323,27.80,0,REPOUSO,train
-0.44434,0.84285,-0.26640,105.25,1,INCLINADO,train
0.41639,0.80983,-0.46230,115.43,1,INCLINADO,train
0.29260,0.04157,-0.92228,161.16,2,INVERTIDO,val
-0.02655,-0.03484,1.03543,3.96,0,REPOUSO,train
0.68049,0.11801,0.68850,46.71,1,INCLINADO,train
-0.00428,0.42574,0.90423,26.72,0,REPOUSO,test
0.11637,-0.18664,-0.98504,167.21,2,INVERTIDO,train
-0.00841,-0.02206,1.00642,0.68,0,REPOUSO,train
0.98797,0.04826,-0.09247,96.41,1,INCLINADO,train
0.06858,0.01181,-1.00245,176.12,2,INVERTIDO,test
0.77012,0.65541,-0.18211,101.68,1,INCLINADO,train
-0.39228,0.16617,0.95060,22.36,0,REPOUSO,test
-0.93659,0.04037,0.40717,68.08,1,INCLINADO,train
0.45233,-0.13903,-0.90716,153.25,2,INVERTIDO,train
-0.10856,0.19222,-0.94299,166.76,2,INVERTIDO,train
0.00570,-0.23045,0.98192,14.96,0,REPOUSO,val
-0.26936,-0.31637,-0.97105,157.08,2,INVERTIDO,train
0.00742,-0.02300,-1.01200,177.82,2,INVERTIDO,test
0.13099,0.17186,1.02526,11.21,0,REPOUSO,test
0.02621,0.01344,-0.98838,180.00,2,INVERTIDO,train
-0.64005,-0.65539,-0.10406,96.08,1,INCLINADO,train
-0.52529,-0.69245,-0.43855,119.14,1,INCLINADO,train
-0.34192,-0.70835,-0.59943,127.23,2,INVERTIDO,train
0.07825,0.90437,0.27138,72.03,1,INCLINADO,train
-0.48769,-0.40830,-0.88892,144.92,2,INVERTIDO,val
-0.06989,0.10302,-1.02282,173.84,2,INVERTIDO,train
0.13099,-0.25915,0.94285,15.11,0,REPOUSO,train
0.01353,-0.62702,0.74109,42.05,1,INCLINADO,train
0.81212,0.33605,-0.53103,121.86,2,INVERTIDO,train
-0.01061,0.00132,1.04502,2.83,0,REPOUSO,val
-0.84711,-0.06945,0.45553,57.86,1,INCLINADO,train
0.65163,0.37302,-0.68396,133.42,2,INVERTIDO,train
-0.28254,0.31648,0.87499,25.48,0,REPOUSO,train
-0.03800,0.08947,1.00044,5.38,0,REPOUSO,test
0.00313,0.38407,-0.85606,154.35,2,INVERTIDO,val
-0.04244,-0.96474,0.11854,80.77,1,INCLINADO,val
-0.79629,-0.69289,-0.16056,99.37,1,INCLINADO,train
-0.27041,-0.45904,0.77594,32.62,1,INCLINADO,train
-0.95587,-0.18304,-0.05860,91.81,1,INCLINADO,train
-0.77698,-0.52035,-0.32486,107.87,1,INCLINADO,val
0.13237,-0.29783,0.94840,18.78,0,REPOUSO,train
-0.23663,0.17555,0.96175,16.47,0,REPOUSO,train
-0.03531,-0.07010,0.95929,5.51,0,REPOUSO,val
0.38052,-0.14005,-0.85047,152.96,2,INVERTIDO,train
-0.68834,-0.20284,-0.72447,134.59,2,INVERTIDO,train
0.16989,0.19249,0.90618,14.72,0,REPOUSO,val
-0.20156,-1.01577,-0.29336,105.23,1,INCLINADO,val
-0.68159,-0.36575,0.54501,56.13,1,INCLINADO,train
0.13430,0.01287,0.99449,8.86,0,REPOUSO,val
-0.19643,0.12634,1.01043,13.10,0,REPOUSO,train
0.21388,0.96759,-0.17899,101.16,1,INCLINADO,train
0.96155,0.24257,-0.31619,109.05,1,INCLINADO,train
0.07701,0.93679,-0.39691,114.20,1,INCLINADO,train
0.21277,-0.05217,0.96304,13.86,0,REPOUSO,train
0.30654,0.00583,0.95374,17.15,0,REPOUSO,train
-0.29458,-0.26553,-0.92115,154.62,2,INVERTIDO,val
0.49530,0.72668,0.35477,67.38,1,INCLINADO,train
0.15692,-0.14287,0.95426,12.51,0,REPOUSO,val
0.54351,-0.41124,-0.74002,138.68,2,INVERTIDO,train
0.07214,0.61597,-0.79290,141.21,2,INVERTIDO,test
0.14327,0.06908,0.97784,9.03,0,REPOUSO,test
0.07469,0.09143,1.03717,6.89,0,REPOUSO,val
0.05818,-0.12378,1.01866,8.59,0,REPOUSO,train
-0.29304,-0.66031,-0.75285,137.18,2,INVERTIDO,train
0.11637,0.24962,1.04843,15.38,0,REPOUSO,test
0.42872,0.28916,-0.82727,147.34,2,INVERTIDO,val
-0.43956,0.01336,0.83327,28.75,0,REPOUSO,train
-0.89538,0.38511,0.07756,85.06,1,INCLINADO,train
-0.50909,-0.44729,-0.71447,137.96,2,INVERTIDO,test
-0.32156,-0.17949,-0.95618,157.13,2,INVERTIDO,train
-0.31733,0.14590,0.97112,19.50,0,REPOUSO,train
-0.43726,0.18168,-0.90754,152.44,2,INVERTIDO,test
-0.64389,0.10572,0.69119,42.18,1,INCLINADO,val
-0.39981,0.05101,0.86751,23.22,0,REPOUSO,val
-0.21000,-0.28342,-0.92950,162.08,2,INVERTIDO,train
0.36058,-0.88039,-0.13610,97.68,1,INCLINADO,train
0.41284,-0.14932,0.90998,26.91,0,REPOUSO,train
-0.44933,-0.15116,-0.86675,152.24,2,INVERTIDO,val
0.47928,0.68606,-0.48622,123.83,2,INVERTIDO,test
0.34617,0.53321,0.74840,41.51,1,INCLINADO,train
-0.26155,0.68077,-0.69060,133.38,2,INVERTIDO,test
0.58189,-0.82917,0.03637,88.68,1,INCLINADO,train
-0.15018,-0.82543,0.48383,61.41,1,INCLINADO,test
0.41016,0.03007,0.89351,24.88,0,REPOUSO,train
0.21206,-0.33690,0.93535,23.30,0,REPOUSO,val
0.40930,-0.03873,0.87427,24.68,0,REPOUSO,train
0.19491,-0.44901,0.88687,28.08,0,REPOUSO,test
-0.43023,-0.67812,-0.51408,122.21,2,INVERTIDO,train
0.34770,0.53738,-0.75492,139.63,2,INVERTIDO,train
-0.18212,-0.26860,0.93158,19.01,0,REPOUSO,train
-0.98748,0.36827,0.02232,89.29,1,INCLINADO,train
-0.45228,0.18590,-0.87634,150.03,2,INVERTIDO,val
-0.23532,0.98529,0.18911,78.53,1,INCLINADO,test
-0.04933,0.77383,-0.59900,128.48,2,INVERTIDO,train
-0.07660,0.21308,-1.00822,166.15,2,INVERTIDO,train
0.15236,-0.07950,1.04115,9.05,0,REPOUSO,val
0.29261,0.16645,0.96770,19.93,0,REPOUSO,val
0.29570,-0.58323,-0.75305,139.10,2,INVERTIDO,train
0.74066,0.67126,0.21789,78.33,1,INCLINADO,train
-0.36374,-0.50528,-0.70245,139.05,2,INVERTIDO,test
0.21849,-0.33977,-0.90338,154.68,2,INVERTIDO,test
0.24713,-0.45336,0.89789,29.03,0,REPOUSO,train
0.69168,0.70983,0.17492,79.24,1,INCLINADO,train
-0.05581,0.60167,-0.85867,145.04,2,INVERTIDO,train
-0.06610,0.75499,-0.69256,131.87,2,INVERTIDO,train
-0.08269,0.70086,0.67879,46.29,1,INCLINADO,train
-0.23190,-0.25879,-0.95709,161.04,2,INVERTIDO,train
0.23285,0.95858,-0.21667,102.56,1,INCLINADO,train
-0.04225,-0.06734,1.05253,4.29,0,REPOUSO,train
0.95447,0.06124,-0.30601,108.13,1,INCLINADO,train
0.04078,-0.02085,0.97324,2.85,0,REPOUSO,train
-0.46035,0.32532,-0.83488,147.10,2,INVERTIDO,train
-0.69309,-0.39578,-0.68116,132.69,2,INVERTIDO,val
0.05740,-0.09261,-0.95423,170.90,2,INVERTIDO,train
0.41546,0.18044,-0.93229,154.52,2,INVERTIDO,test
0.02258,-0.36078,0.93022,23.32,0,REPOUSO,train
-0.05878,0.02819,0.99139,2.89,0,REPOUSO,train
-0.01565,0.00548,1.05545,1.34,0,REPOUSO,test
0.10699,0.04832,1.09673,4.94,0,REPOUSO,test
0.09737,-0.17770,0.92581,11.21,0,REPOUSO,train
-0.90515,0.13810,0.14300,82.12,1,INCLINADO,train
0.04988,-0.11179,0.99062,5.30,0,REPOUSO,train
-0.01326,0.03691,1.02071,2.00,0,REPOUSO,val
-0.63185,0.69573,0.34419,72.32,1,INCLINADO,val
-0.46141,-0.88856,-0.21232,104.58,1,INCLINADO,train
0.01582,-0.64000,-0.80253,142.65,2,INVERTIDO,test
0.96101,0.25314,-0.03092,93.56,1,INCLINADO,val
-0.92241,0.03745,0.07111,84.75,1,INCLINADO,train
-0.79248,-0.22724,0.49904,59.42,1,INCLINADO,train
-0.07171,0.04157,1.04986,3.59,0,REPOUSO,train
0.62822,0.75095,-0.30319,106.90,1,INCLINADO,train
0.67626,-0.25883,-0.63082,131.36,2,INVERTIDO,test
0.30588,0.54385,-0.81778,142.74,2,INVERTIDO,train
-0.42714,0.90822,0.14583,80.86,1,INCLINADO,val
-0.47723,-0.15046,-0.86384,148.36,2,INVERTIDO,train
-0.02387,0.50360,-0.85359,150.76,2,INVERTIDO,train
-0.84479,-0.24117,-0.53492,122.72,2,INVERTIDO,val
-0.55253,0.20028,0.79313,37.90,1,INCLINADO,train
0.06044,-0.05519,0.95977,3.16,0,REPOUSO,train
-0.00228,0.00572,-1.02919,179.89,2,INVERTIDO,train
0.90828,0.01366,0.43515,62.39,1,INCLINADO,train
0.01860,0.45318,0.90693,27.26,0,REPOUSO,train
-0.80911,0.50905,-0.22956,103.16,1,INCLINADO,val
0.79468,0.07007,0.52773,55.50,1,INCLINADO,val
0.43702,0.16384,0.89253,27.75,0,REPOUSO,val
0.15280,-0.92552,0.42028,65.12,1,INCLINADO,val
0.33234,0.30570,0.93207,27.63,0,REPOUSO,train
-0.50783,-0.26769,-0.84888,145.66,2,INVERTIDO,train
-0.54532,0.16369,-0.79504,144.27,2,INVERTIDO,train
0.14483,0.11996,-1.01532,170.39,2,INVERTIDO,train
-0.01101,0.01564,0.98999,0.74,0,REPOUSO,val
-0.05492,-0.21665,0.93364,13.11,0,REPOUSO,train
-0.42308,0.55106,0.72180,46.00,1,INCLINADO,train
0.00545,-0.27512,0.92358,16.64,0,REPOUSO,val
0.22294,-0.37874,-0.90623,155.35,2,INVERTIDO,val
0.00050,-0.16440,1.00256,9.31,0,REPOUSO,train
0.59965,-0.08317,-0.82496,143.24,2,INVERTIDO,train
-0.78882,0.68587,-0.10963,95.91,1,INCLINADO,train
-0.39588,0.27053,-0.88459,151.69,2,INVERTIDO,train
0.31219,-0.36598,0.83550,28.13,0,REPOUSO,test
0.03926,0.11396,-0.96043,172.80,2,INVERTIDO,train
0.01856,0.25475,1.03698,12.94,0,REPOUSO,train
0.20427,-0.00276,0.93955,10.17,0,REPOUSO,train
0.01220,0.36704,0.94853,21.06,0,REPOUSO,val
-0.08295,-0.01412,0.97623,4.63,0,REPOUSO,test
-0.01510,-0.57555,0.82804,35.26,1,INCLINADO,train
0.06611,0.07042,0.95394,5.19,0,REPOUSO,train
-0.41123,-0.86462,0.25397,75.27,1,INCLINADO,train
-0.26405,-0.48889,-0.82484,147.78,2,INVERTIDO,train
0.35485,0.09058,0.89084,21.01,0,REPOUSO,train
0.05586,-0.29234,0.94462,18.35,0,REPOUSO,train
-0.29527,-0.06870,0.87129,18.48,0,REPOUSO,train
-0.01308,0.03084,0.95963,0.92,0,REPOUSO,val
0.00960,0.04326,1.00131,2.16,0,REPOUSO,train
0.07427,0.00092,1.01455,4.60,0,REPOUSO,train
0.57159,-0.70441,0.24578,74.58,1,INCLINADO,train
-0.03458,0.01941,-0.91901,178.37,2,INVERTIDO,train
0.05387,0.00126,-0.99969,179.07,2,INVERTIDO,train
-0.44817,0.95128,0.14945,82.75,1,INCLINADO,train
0.59053,-0.55091,0.55668,56.37,1,INCLINADO,train
0.43649,0.57214,0.61698,48.92,1,INCLINADO,train
0.10654,0.38627,0.87425,24.06,0,REPOUSO,train
0.27062,0.20670,0.87148,21.58,0,REPOUSO,val
0.08713,-0.45771,-0.86922,152.90,2,INVERTIDO,train
0.09762,0.12189,0.96386,9.42,0,REPOUSO,test
0.19726,0.94925,-0.45136,115.71,1,INCLINADO,train
-0.19173,-0.14947,1.00848,14.23,0,REPOUSO,train
0.63811,0.66275,0.44187,63.69,1,INCLINADO,train
0.02095,0.31975,0.96019,19.58,0,REPOUSO,train
0.51319,0.58601,0.60874,52.55,1,INCLINADO,train
-0.72387,0.58819,-0.60983,122.21,2,INVERTIDO,train
-0.00591,0.36722,0.95043,22.88,0,REPOUSO,train
-0.14992,0.00788,-0.98132,171.04,2,INVERTIDO,val
-0.27980,-0.04545,0.96038,17.99,0,REPOUSO,test
0.23829,0.66644,-0.74533,135.68,2,INVERTIDO,train
-0.81964,-0.02195,0.60766,55.22,1,INCLINADO,test
-0.13158,-0.00820,-0.96857,173.14,2,INVERTIDO,train
0.49454,-0.62033,-0.61576,126.42,2,INVERTIDO,val
0.08636,0.35257,-0.91660,156.00,2,INVERTIDO,train
0.14143,-0.92166,-0.39953,111.47,1,INCLINADO,train
0.02344,-0.00860,0.92933,0.22,0,REPOUSO,train
0.29005,-0.58202,-0.72403,139.76,2,INVERTIDO,train
-0.12786,-0.34411,-0.97549,158.54,2,INVERTIDO,train
0.03190,-0.37192,0.93650,23.06,0,REPOUSO,train
-0.68583,-0.72863,-0.08854,94.45,1,INCLINADO,train
0.40800,-0.58213,0.65690,45.75,1,INCLINADO,test
-0.40886,0.08290,0.93720,23.37,0,REPOUSO,val
0.17487,0.40337,0.90512,25.70,0,REPOUSO,train
0.69529,-0.65415,-0.37561,111.91,1,INCLINADO,train
-0.60014,0.04571,0.76660,37.27,1,INCLINADO,val
0.38748,-0.11670,-0.86728,152.82,2,INVERTIDO,test
0.05265,-0.35863,0.90980,24.00,0,REPOUSO,val
0.12584,-0.45764,0.86473,29.27,0,REPOUSO,train
-0.04001,0.03509,-1.00974,178.57,2,INVERTIDO,test
-0.01726,0.63705,-0.80553,143.01,2,INVERTIDO,train
-0.27894,-0.14620,0.93576,18.99,0,REPOUSO,train
-0.00491,-0.08652,0.99626,4.39,0,REPOUSO,train
0.51406,-0.07667,-0.78768,145.47,2,INVERTIDO,train
-0.10025,-0.48115,0.86449,28.38,0,REPOUSO,val
-0.02344,-0.00489,-0.97099,177.87,2,INVERTIDO,train
0.31455,-0.91891,0.26495,76.69,1,INCLINADO,train
0.79992,0.39541,-0.45564,117.75,1,INCLINADO,test
-0.03813,-0.41559,0.92899,25.33,0,REPOUSO,val
-0.08459,-0.62222,0.81499,37.26,1,INCLINADO,train
0.34371,-0.35083,0.86562,29.08,0,REPOUSO,train
-0.21411,0.25326,1.01695,17.61,0,REPOUSO,train
0.70856,-0.25983,0.68038,47.40,1,INCLINADO,train
0.50346,0.81067,0.24549,76.97,1,INCLINADO,train
-0.21360,0.22089,-0.97279,162.29,2,INVERTIDO,train
0.86694,-0.53073,-0.03491,93.33,1,INCLINADO,train
0.06075,-0.32601,1.00240,16.68,0,REPOUSO,train
-0.13115,0.98649,-0.04381,92.53,1,INCLINADO,train
-0.89888,-0.05961,0.40396,65.67,1,INCLINADO,train
-0.33336,-0.72287,-0.59221,125.71,2,INVERTIDO,train
-0.05067,0.05814,-1.08143,174.10,2,INVERTIDO,val
-0.08122,-0.44546,0.91151,27.99,0,REPOUSO,val
-0.63032,-0.39841,0.77390,44.17,1,INCLINADO,train
0.00143,0.01114,-0.97157,179.14,2,INVERTIDO,val
-0.06438,-0.13034,1.02596,6.07,0,REPOUSO,test
-0.01909,-0.03800,0.99762,3.26,0,REPOUSO,train
0.06655,0.00331,1.02439,2.52,0,REPOUSO,train
-0.06752,-0.33964,0.98585,19.23,0,REPOUSO,train
-0.85932,0.29001,0.46814,61.96,1,INCLINADO,train
0.58719,0.80559,-0.23724,102.39,1,INCLINADO,train
0.16537,-0.18486,1.00327,12.12,0,REPOUSO,train
-0.23783,0.67252,0.71354,45.51,1,INCLINADO,val
-0.26177,-0.09960,-0.96688,163.87,2,INVERTIDO,train
0.68449,-0.45213,-0.56061,125.23,2,INVERTIDO,train
0.31826,-0.10763,0.97049,18.82,0,REPOUSO,train
0.93429,0.26677,-0.26788,107.04,1,INCLINADO,test
-0.02040,0.01266,1.00759,1.31,0,REPOUSO,train
0.36739,-0.27374,0.91736,26.03,0,REPOUSO,train
-0.28548,0.00741,0.96181,17.17,0,REPOUSO,train
-0.22357,-0.21489,-0.97502,160.98,2,INVERTIDO,train
-0.14439,0.98910,0.19093,79.15,1,INCLINADO,train
-0.18639,0.38655,0.93126,25.11,0,REPOUSO,train
0.02173,0.02298,0.95171,0.44,0,REPOUSO,train
-0.87411,0.43222,0.14801,81.08,1,INCLINADO,val
0.16322,0.06680,0.97008,11.64,0,REPOUSO,val
0.50638,0.64119,-0.56147,123.31,2,INVERTIDO,train
-0.13157,0.40542,0.89837,24.04,0,REPOUSO,train
-0.33590,-0.22858,-0.89227,155.02,2,INVERTIDO,train
-1.00957,0.08062,-0.05937,93.49,1,INCLINADO,train
-0.06720,0.06999,1.02157,3.75,0,REPOUSO,train
0.01179,0.01989,0.96069,1.74,0,REPOUSO,val
-0.57864,-0.76363,-0.49109,116.58,1,INCLINADO,train
0.29757,0.01861,0.97627,17.43,0,REPOUSO,val
-0.19364,0.06572,0.98269,13.63,0,REPOUSO,train
-0.59082,-0.58839,-0.61615,125.79,2,INVERTIDO,train
-0.97319,-0.10097,-0.06785,92.93,1,INCLINADO,val
0.25991,0.89853,0.45298,65.14,1,INCLINADO,train
-0.46780,0.87935,0.01164,90.83,1,INCLINADO,test
-0.58823,0.45700,-0.72431,134.40,2,INVERTIDO,train
-0.51599,-0.79590,-0.38589,110.89,1,INCLINADO,train
0.02181,0.04992,1.00954,3.32,0,REPOUSO,val
0.72109,-0.53380,-0.34767,111.21,1,INCLINADO,test
0.03179,0.49550,0.92669,27.75,0,REPOUSO,test
-0.33675,-0.01626,0.99236,20.94,0,REPOUSO,test
-0.09274,0.08661,1.02280,7.23,0,REPOUSO,train
0.07370,-0.20678,-0.96184,167.42,2,INVERTIDO,test
0.58514,0.57003,-0.39992,116.51,1,INCLINADO,train
0.70170,0.02467,-0.77407,138.30,2,INVERTIDO,test
0.01334,-0.18415,0.95748,12.55,0,REPOUSO,train
0.37565,0.26293,0.88969,27.49,0,REPOUSO,train
0.86825,-0.03067,0.52834,58.40,1,INCLINADO,train
0.04050,-0.23227,1.03773,13.48,0,REPOUSO,val
0.69298,-0.78173,0.03105,88.42,1,INCLINADO,train
-0.12753,0.26418,0.98149,15.14,0,REPOUSO,train
-0.04580,0.22593,0.98465,13.30,0,REPOUSO,train
0.15456,-0.15891,1.03261,13.62,0,REPOUSO,train
-0.14387,0.83290,0.55959,56.58,1,INCLINADO,train
0.93424,0.20991,0.40024,67.77,1,INCLINADO,train
0.09472,-0.73907,-0.61058,127.76,2,INVERTIDO,train
0.02869,-0.02725,-0.98675,177.35,2,INVERTIDO,train
-0.04783,-0.09105,-1.00659,173.03,2,INVERTIDO,train
0.16772,0.00854,0.95491,9.33,0,REPOUSO,train
-0.88681,-0.00626,0.50911,58.62,1,INCLINADO,train
-0.46360,0.77074,0.59132,56.76,1,INCLINADO,train
-0.28492,0.26186,0.88415,26.38,0,REPOUSO,train
0.86443,-0.46630,-0.33276,107.40,1,INCLINADO,test
0.06702,-0.17819,0.95516,9.18,0,REPOUSO,train
0.65766,-0.04617,-0.74987,139.63,2,INVERTIDO,train
0.32681,-0.05097,-0.88733,159.97,2,INVERTIDO,train
0.36904,0.43409,-0.87995,148.74,2,INVERTIDO,train
0.73361,0.50492,-0.48450,120.43,2,INVERTIDO,train
0.20575,-0.01349,0.93511,11.03,0,REPOUSO,train
-0.31195,-0.70205,-0.71207,132.86,2,INVERTIDO,train
-0.24650,0.71259,0.58457,53.70,1,INCLINADO,train
0.20764,0.16525,0.93500,17.43,0,REPOUSO,train
-0.09645,0.11348,0.96483,9.14,0,REPOUSO,train
-0.29541,-0.79140,-0.53806,122.20,2,INVERTIDO,val
-0.05865,0.01743,0.98544,3.10,0,REPOUSO,train
-0.14064,-0.05260,-1.03541,171.81,2,INVERTIDO,train
0.04633,-0.15122,1.01997,6.81,0,REPOUSO,test
-0.03557,0.03491,0.92850,1.12,0,REPOUSO,train
0.07414,-0.12213,1.03018,9.51,0,REPOUSO,test
-0.11050,0.57020,0.85473,35.16,1,INCLINADO,train
0.31852,0.57289,-0.83503,141.09,2,INVERTIDO,test
-0.01463,-0.77836,0.50453,59.23,1,INCLINADO,train
0.12277,0.31464,-0.93230,159.30,2,INVERTIDO,val
0.24048,-0.21188,0.91932,19.02,0,REPOUSO,val
-0.48568,0.30669,-0.83265,144.15,2,INVERTIDO,test
-0.74802,-0.35402,-0.48291,121.68,2,INVERTIDO,train
-0.31902,-0.34427,-0.85520,148.93,2,INVERTIDO,train
0.99807,-0.05344,0.11650,85.36,1,INCLINADO,val
-0.78491,-0.67253,-0.06451,92.14,1,INCLINADO,val
-0.51153,0.13309,0.80133,33.87,1,INCLINADO,train
0.04256,-0.26565,1.01514,14.80,0,REPOUSO,train
0.58135,-0.68550,0.47467,61.13,1,INCLINADO,val
0.25856,-0.20964,0.95288,19.69,0,REPOUSO,test
0.96188,-0.01335,0.26439,76.43,1,INCLINADO,train
-0.27853,0.15390,0.97392,17.59,0,REPOUSO,test
-0.51589,-0.13537,0.90082,30.17,1,INCLINADO,val
0.13493,-0.36892,0.93323,23.90,0,REPOUSO,train
-0.83353,-0.19487,-0.49917,117.83,1,INCLINADO,train
-0.41723,0.27326,0.88745,28.99,0,REPOUSO,train
-0.75640,0.07746,-0.69557,131.20,2,INVERTIDO,train
0.21534,0.00296,0.95798,14.60,0,REPOUSO,val
0.01282,-0.20886,-0.91962,167.60,2,INVERTIDO,test
-0.48919,0.24160,-0.79828,146.27,2,INVERTIDO,train
-0.01478,0.15075,-0.98536,170.13,2,INVERTIDO,train
-0.35215,0.91416,0.04018,87.85,1,INCLINADO,train
-0.33286,-0.77540,0.48286,60.94,1,INCLINADO,train
0.16413,-0.32641,-0.93356,159.24,2,INVERTIDO,val
-0.77106,-0.56611,-0.20725,101.86,1,INCLINADO,train
-0.42448,-0.03338,-0.95263,155.33,2,INVERTIDO,val
0.30857,0.27001,0.83219,23.58,0,REPOUSO,train
0.12252,-0.11432,-1.03598,171.40,2,INVERTIDO,train
0.77609,0.40976,-0.50959,120.52,2,INVERTIDO,val
-0.33743,0.20925,-0.84893,155.99,2,INVERTIDO,train
-0.35845,0.68861,-0.60730,128.05,2,INVERTIDO,train
-0.29172,-0.74979,-0.69830,130.86,2,INVERTIDO,train
0.76811,-0.52330,0.25382,75.84,1,INCLINADO,train
-0.15112,-0.11176,-0.97968,169.95,2,INVERTIDO,train
0.40557,0.08979,0.87810,24.25,0,REPOUSO,val
-0.59738,0.30449,-0.60931,130.64,2,INVERTIDO,train
-0.05593,0.38665,-0.94488,158.90,2,INVERTIDO,train
-0.00938,-0.94996,0.10084,83.40,1,INCLINADO,train
-0.08119,-0.23298,-1.01998,164.24,2,INVERTIDO,val
-0.62014,0.35390,-0.74655,135.92,2,INVERTIDO,train
0.45109,-0.71482,-0.57708,124.75,2,INVERTIDO,test
0.77386,0.18088,-0.70332,131.77,2,INVERTIDO,val
-0.78646,-0.52091,-0.17028,101.32,1,INCLINADO,train
0.17089,0.30079,-0.94623,159.48,2,INVERTIDO,train
0.06332,0.02210,1.00497,4.98,0,REPOUSO,train
-0.24602,-0.19052,-0.90846,160.19,2,INVERTIDO,train
-0.51314,-0.70250,-0.53138,122.34,2,INVERTIDO,val
0.02857,0.11619,1.04289,7.10,0,REPOUSO,train
0.02876,-0.07062,0.96414,3.66,0,REPOUSO,train
0.67486,-0.23610,-0.64528,131.81,2,INVERTIDO,val
-0.05960,-0.58094,-0.87586,146.43,2,INVERTIDO,train
0.05535,-0.45743,0.89493,26.75,0,REPOUSO,train
-0.45772,0.08859,0.86211,28.08,0,REPOUSO,train
-0.29869,-0.15389,-0.99385,162.93,2,INVERTIDO,test
0.55276,-0.17591,-0.83080,145.43,2,INVERTIDO,train
0.75095,0.22657,0.61846,52.97,1,INCLINADO,test
0.93613,0.38884,0.13551,81.62,1,INCLINADO,train
0.51878,-0.48265,-0.71519,136.03,2,INVERTIDO,val
-0.00931,0.22504,-0.88372,165.73,2,INVERTIDO,train
-0.72225,0.53930,0.10952,83.20,1,INCLINADO,test
0.54764,0.32029,-0.80184,139.93,2,INVERTIDO,train
-0.10650,0.46943,-0.90878,152.52,2,INVERTIDO,train
-0.23236,0.87704,-0.42221,113.60,1,INCLINADO,val
-0.20326,-0.54067,-0.79532,144.75,2,INVERTIDO,train
-0.92099,0.12209,0.09848,84.97,1,INCLINADO,train
0.45568,0.49470,-0.75642,137.62,2,INVERTIDO,train
0.59214,-0.09661,-0.76318,142.17,2,INVERTIDO,train
0.26311,0.38385,0.93623,27.48,0,REPOUSO,train
0.22576,-0.24890,0.96556,17.70,0,REPOUSO,train
-0.02120,0.25726,0.94800,14.48,0,REPOUSO,train
0.37064,0.29037,0.91237,28.08,0,REPOUSO,train
-0.67573,-0.22769,-0.64813,132.41,2,INVERTIDO,val
-0.17984,-0.23219,0.87563,19.44,0,REPOUSO,train
-0.14703,0.10397,1.04612,8.44,0,REPOUSO,train
0.08079,-0.20119,-0.98317,167.42,2,INVERTIDO,train
-0.12194,-0.93179,0.21130,78.30,1,INCLINADO,train
0.31988,-0.28478,0.95669,24.82,0,REPOUSO,test
0.19259,0.58404,0.80228,37.04,1,INCLINADO,train
-0.10677,-0.11280,-0.95542,170.50,2,INVERTIDO,val
-0.61704,0.60014,0.53130,57.53,1,INCLINADO,test
0.61071,0.30331,0.74582,44.06,1,INCLINADO,train
0.57644,-0.08390,-0.80564,143.21,2,INVERTIDO,train
0.59310,-0.52745,-0.60658,128.98,2,INVERTIDO,train
-0.19195,0.06571,-0.95926,166.63,2,INVERTIDO,train
0.05259,-0.01759,-0.97529,177.43,2,INVERTIDO,train
-0.06191,0.54362,-0.84953,148.08,2,INVERTIDO,train
0.96317,0.01787,-0.30470,106.70,1,INCLINADO,train
-0.04279,-0.13412,1.00370,7.02,0,REPOUSO,val
-0.14260,-0.06105,-1.00332,172.22,2,INVERTIDO,train
-0.42652,-0.47892,-0.76592,137.89,2,INVERTIDO,train
0.06311,-0.05062,-0.96732,177.18,2,INVERTIDO,train
-0.03052,-0.02825,0.89943,3.71,0,REPOUSO,train
0.77295,-0.14918,-0.53223,123.76,2,INVERTIDO,train
0.21296,-0.03191,-0.89743,165.90,2,INVERTIDO,train
0.59525,0.47296,-0.73208,132.90,2,INVERTIDO,train
-0.65407,0.68571,0.15840,81.10,1,INCLINADO,train
-0.27428,-0.22609,-0.98329,159.76,2,INVERTIDO,val
0.20002,-0.12263,-0.96464,166.30,2,INVERTIDO,train
0.36811,-0.05502,0.91252,23.23,0,REPOUSO,train
0.39647,-0.03082,0.98936,23.16,0,REPOUSO,train
-0.38272,0.69025,-0.59392,126.39,2,INVERTIDO,train
0.27556,-0.25550,-0.96270,159.19,2,INVERTIDO,val
-0.07424,0.23143,0.91789,14.47,0,REPOUSO,test
-0.22906,-0.11272,0.99222,12.57,0,REPOUSO,train
-0.53349,0.35391,-0.76085,141.38,2,INVERTIDO,train
-0.23765,-0.40227,0.82965,28.67,0,REPOUSO,val
0.24876,-0.02281,0.96629,14.82,0,REPOUSO,train
-0.79971,-0.02562,-0.65935,127.58,2,INVERTIDO,test
-0.04530,-0.00990,-1.00157,179.52,2,INVERTIDO,train
0.01661,0.24413,-0.99327,166.58,2,INVERTIDO,train
-0.11643,-0.15731,0.92674,12.96,0,REPOUSO,test
0.05650,0.00534,-1.01482,175.17,2,INVERTIDO,test
0.28505,0.27717,0.88485,23.44,0,REPOUSO,train
0.35173,-0.05630,0.97474,20.99,0,REPOUSO,test
0.96168,0.15227,-0.45129,116.56,1,INCLINADO,train
0.28439,-0.45859,-0.86581,149.00,2,INVERTIDO,train
-0.30914,-0.04047,1.00772,17.83,0,REPOUSO,test
0.23990,-0.87276,0.34809,69.69,1,INCLINADO,val
0.11963,-0.34495,0.97125,20.49,0,REPOUSO,train
0.02427,1.01472,-0.23217,104.50,1,INCLINADO,test
-0.74299,0.24396,0.53115,56.56,1,INCLINADO,train
0.38074,0.32805,-0.81028,150.57,2,INVERTIDO,train
0.35694,-0.03101,-0.90888,158.03,2,INVERTIDO,train
0.00752,0.01577,0.98468,1.60,0,REPOUSO,train
0.00530,0.05747,0.99295,4.21,0,REPOUSO,train
0.05393,-0.01508,-1.03689,176.70,2,INVERTIDO,test
0.53262,0.30759,-0.76856,140.06,2,INVERTIDO,train
0.66577,0.41099,-0.68308,132.97,2,INVERTIDO,test
0.55193,-0.60898,-0.26681,108.88,1,INCLINADO,train
-0.15382,-0.14360,1.04576,9.85,0,REPOUSO,train
-0.20565,-0.32707,0.88257,23.16,0,REPOUSO,test
0.29679,0.95467,-0.21974,103.78,1,INCLINADO,test
0.89167,-0.25194,-0.28694,109.15,1,INCLINADO,test
-0.51800,0.71525,-0.40012,113.09,1,INCLINADO,train
-0.31770,-0.24455,-0.82923,153.05,2,INVERTIDO,train
-0.24761,0.05646,0.96277,16.97,0,REPOUSO,train
0.24458,0.85586,0.49373,59.12,1,INCLINADO,train
0.35444,-0.85281,0.31456,69.71,1,INCLINADO,train
-0.58876,0.69126,0.33832,69.42,1,INCLINADO,train
0.04238,-0.92518,-0.18078,100.05,1,INCLINADO,train
0.66106,0.65667,0.36638,70.37,1,INCLINADO,train
0.38052,0.08078,0.91245,24.42,0,REPOUSO,train
0.00963,0.57012,0.73884,38.20,1,INCLINADO,test
0.92418,0.03410,-0.40434,114.99,1,INCLINADO,train
-0.72518,0.41597,-0.55397,123.13,2,INVERTIDO,train
-0.24376,0.02155,-0.91271,165.80,2,INVERTIDO,train
-0.51687,0.17154,-0.77463,145.73,2,INVERTIDO,train
0.26556,0.73244,-0.57852,130.01,2,INVERTIDO,val
-0.04180,0.03231,-1.00573,177.91,2,INVERTIDO,val
0.02156,0.23853,-0.97997,164.93,2,INVERTIDO,train
0.20134,0.36935,0.96097,25.46,0,REPOUSO,test
0.25065,0.56203,0.77333,37.64,1,INCLINADO,train
0.11516,0.27178,-1.02296,163.94,2,INVERTIDO,train
0.37412,-0.26487,0.94113,25.76,0,REPOUSO,test
0.14173,0.05332,0.99380,8.76,0,REPOUSO,train
0.39820,0.41135,-0.77763,143.39,2,INVERTIDO,train
0.26834,0.72679,0.53824,54.11,1,INCLINADO,train
0.12393,0.00911,0.96942,8.12,0,REPOUSO,train
-0.07679,-0.78689,-0.50221,121.18,2,INVERTIDO,train
0.64358,0.66348,0.44979,64.77,1,INCLINADO,test
0.23373,0.00797,0.97090,13.67,0,REPOUSO,test
-1.04309,-0.07922,-0.05536,94.91,1,INCLINADO,train
-0.86200,-0.29343,-0.22965,101.94,1,INCLINADO,train
-0.12952,0.65175,-0.75788,139.28,2,INVERTIDO,train
-0.02832,0.27126,-1.01377,166.21,2,INVERTIDO,train
-0.09476,-0.00699,-1.05756,173.05,2,INVERTIDO,test
0.25403,-0.42823,-0.85530,149.34,2,INVERTIDO,train
0.16624,-0.23631,-0.99252,164.63,2,INVERTIDO,train
0.30072,-0.09089,0.87419,19.74,0,REPOUSO,train
0.62344,0.70696,0.12405,81.66,1,INCLINADO,val
0.11488,-0.32899,0.87065,22.40,0,REPOUSO,train
-0.41296,0.55843,0.74242,45.39,1,INCLINADO,train
-0.22869,0.01643,0.95683,14.76,0,REPOUSO,test
0.02688,-0.99058,0.15570,81.82,1,INCLINADO,test
-0.14918,-0.24810,-0.98738,164.78,2,INVERTIDO,test
-0.06061,0.31157,0.95839,19.57,0,REPOUSO,test
0.54437,0.56771,0.68947,49.01,1,INCLINADO,val
0.62366,-0.76716,0.12225,81.44,1,INCLINADO,train
-0.24372,0.02481,0.93194,15.43,0,REPOUSO,train
-0.07464,0.19037,-0.99200,168.42,2,INVERTIDO,train
0.78125,-0.26997,-0.55561,123.56,2,INVERTIDO,train
-0.24375,-0.64656,0.74993,43.75,1,INCLINADO,test
-0.14345,-0.39532,-0.94839,156.19,2,INVERTIDO,train
0.70724,-0.24891,-0.58613,127.71,2,INVERTIDO,train
0.20641,0.24752,0.94031,19.47,0,REPOUSO,train
-0.55849,-0.32614,-0.76874,138.32,2,INVERTIDO,train
0.98732,-0.03404,0.08040,85.81,1,INCLINADO,train
-0.00514,-0.20253,-1.03891,170.82,2,INVERTIDO,test
0.88217,-0.53947,0.09767,84.73,1,INCLINADO,train
0.21504,0.20244,-0.92661,162.98,2,INVERTIDO,val
-0.28047,0.52245,0.80605,36.04,1,INCLINADO,val
0.12438,-0.07651,1.00354,8.54,0,REPOUSO,train
-0.22180,-0.14240,1.00663,14.66,0,REPOUSO,test
-0.17859,-0.31076,0.82909,25.09,0,REPOUSO,train
0.00118,0.07302,0.99129,4.12,0,REPOUSO,train
0.07666,0.05046,0.99937,5.43,0,REPOUSO,train
-0.81498,0.30459,-0.53268,122.01,2,INVERTIDO,val
-0.02421,0.14337,-1.03065,169.82,2,INVERTIDO,test
-0.23779,0.06606,-0.92937,166.10,2,INVERTIDO,train
-0.03775,-0.40682,0.90055,24.50,0,REPOUSO,train
0.08454,-0.05235,-1.00470,174.90,2,INVERTIDO,test
0.37063,-0.06652,-0.88630,159.01,2,INVERTIDO,train
-1.01590,0.28974,0.04990,85.53,1,INCLINADO,train
-0.06849,-0.05015,0.97805,5.79,0,REPOUSO,train
0.24906,-0.30133,-1.02290,159.56,2,INVERTIDO,train
-0.17951,0.65595,-0.71872,135.04,2,INVERTIDO,val
-0.21402,-0.02379,0.97568,11.50,0,REPOUSO,train
0.16447,0.57887,-0.73704,140.96,2,INVERTIDO,train
-0.24139,-0.11309,-0.94172,164.47,2,INVERTIDO,test
0.16621,0.87987,-0.40234,113.97,1,INCLINADO,val
-0.39143,0.51909,-0.83504,142.44,2,INVERTIDO,train
-0.03135,0.12462,0.99485,8.91,0,REPOUSO,train
-0.22598,-0.49336,-0.90730,149.35,2,INVERTIDO,train
0.27860,0.06500,0.98400,14.82,0,REPOUSO,test
-0.15791,-0.28838,0.93100,17.88,0,REPOUSO,train
0.41782,0.92014,-0.35332,109.31,1,INCLINADO,train
-0.18834,-0.32907,0.95981,22.04,0,REPOUSO,train
-0.96965,-0.29965,0.23982,76.34,1,INCLINADO,train
0.64358,-0.65280,0.31571,70.56,1,INCLINADO,test
-0.55249,-0.45865,-0.64818,129.46,2,INVERTIDO,train
-0.30292,0.40565,0.87456,29.67,0,REPOUSO,train
0.27439,0.55568,0.76076,40.57,1,INCLINADO,val
0.17873,-0.00639,0.94311,10.02,0,REPOUSO,train
-0.25637,0.10620,0.99507,15.62,0,REPOUSO,train
0.15456,0.00121,1.01036,8.42,0,REPOUSO,train
-0.53577,0.11309,0.84614,31.81,1,INCLINADO,train
0.08402,0.30724,0.91862,21.09,0,REPOUSO,train
-0.11910,0.13439,0.94530,12.49,0,REPOUSO,train
-0.06022,0.03859,0.97222,3.59,0,REPOUSO,train
0.81593,0.09922,0.60922,52.95,1,INCLINADO,val
0.67016,0.09924,-0.73767,136.60,2,INVERTIDO,test
0.26359,0.72665,0.62655,52.50,1,INCLINADO,train
0.13486,-0.38596,0.91370,25.52,0,REPOUSO,test
-0.24343,0.08207,1.00014,15.57,0,REPOUSO,train
-0.44793,-0.23067,-0.83396,147.47,2,INVERTIDO,train
-0.22656,0.36940,0.85917,26.59,0,REPOUSO,train
-0.44497,0.66187,0.51496,58.20,1,INCLINADO,test
0.87255,0.38599,0.19818,76.04,1,INCLINADO,train
-0.03479,-0.34763,0.99050,20.92,0,REPOUSO,train
-0.33610,0.99299,0.02583,88.24,1,INCLINADO,test
0.36489,0.12119,-0.93643,158.09,2,INVERTIDO,test
0.10085,0.80248,-0.58878,128.80,2,INVERTIDO,train
0.14825,0.14961,1.01899,10.93,0,REPOUSO,train
0.71841,-0.39231,-0.65014,128.28,2,INVERTIDO,train
-0.26480,0.83767,0.52135,57.44,1,INCLINADO,test
-0.77445,-0.71103,0.19603,78.45,1,INCLINADO,train
0.48109,0.92594,0.03066,88.40,1,INCLINADO,train
0.69367,-0.64630,-0.40554,114.21,1,INCLINADO,train
0.52743,0.28159,-0.79424,143.10,2,INVERTIDO,train
-0.15315,-0.71217,0.71612,46.36,1,INCLINADO,train
-0.20662,-0.03797,-0.93018,168.84,2,INVERTIDO,train
-0.26744,-0.04554,0.87065,17.63,0,REPOUSO,train
-0.08671,0.18224,1.01793,12.35,0,REPOUSO,train
0.14570,-0.37526,0.92859,22.89,0,REPOUSO,test
-0.04730,-0.07199,-1.02748,174.12,2,INVERTIDO,train
-0.05942,0.29350,0.89895,20.05,0,REPOUSO,train
-0.14111,-0.97496,-0.13333,97.60,1,INCLINADO,train
0.52845,-0.42495,-0.67490,135.29,2,INVERTIDO,train
-0.33083,0.18087,0.92962,21.67,0,REPOUSO,train
-0.90193,0.19176,0.37890,67.53,1,INCLINADO,train
-0.47264,-0.69679,0.36514,67.11,1,INCLINADO,train
0.55625,-0.71906,-0.39694,114.12,1,INCLINADO,train
0.29679,-0.47689,-0.74268,141.58,2,INVERTIDO,train
0.20027,0.76902,-0.58251,125.29,2,INVERTIDO,train
0.26949,0.10330,0.91450,16.08,0,REPOUSO,train
0.19528,-0.07806,0.97619,10.99,0,REPOUSO,val
-0.84193,0.62063,-0.07330,94.62,1,INCLINADO,val
0.17982,-0.52553,-0.85276,146.36,2,INVERTIDO,val
0.43712,-0.58224,0.69715,46.78,1,INCLINADO,val
-0.06673,-0.79210,0.61282,52.40,1,INCLINADO,val
0.33346,-0.05561,1.00304,17.95,0,REPOUSO,test
-0.08782,-0.36970,-0.97887,159.55,2,INVERTIDO,train
0.03981,-0.01105,-1.00408,175.53,2,INVERTIDO,train
0.43119,0.83676,0.49511,64.10,1,INCLINADO,train
0.15941,0.59097,-0.81644,143.59,2,INVERTIDO,train
0.19436,0.16504,0.95594,15.61,0,REPOUSO,train
-0.06299,0.48049,0.89608,29.39,0,REPOUSO,train
-0.06910,-0.54455,-0.87255,146.63,2,INVERTIDO,train
-0.26718,0.83434,0.57615,55.47,1,INCLINADO,train
0.12256,0.44007,0.88478,28.76,0,REPOUSO,train
-0.71032,-0.44821,0.47746,60.33,1,INCLINADO,train
-0.83044,-0.53189,-0.06636,95.06,1,INCLINADO,train
-0.02145,-0.17722,0.95913,8.64,0,REPOUSO,train
-0.35709,-0.16908,0.86535,24.13,0,REPOUSO,train
0.78576,0.38528,-0.45573,119.69,1,INCLINADO,train
-0.08634,-0.01534,-0.97288,174.98,2,INVERTIDO,train
0.01843,-0.10021,-0.98447,174.37,2,INVERTIDO,val
0.27716,-0.41295,0.88071,28.77,0,REPOUSO,train
0.20578,0.19323,0.91846,15.94,0,REPOUSO,train
0.04422,0.83025,-0.47447,118.94,1,INCLINADO,train
0.41860,0.62141,-0.65947,131.05,2,INVERTIDO,train
-0.78125,0.26290,0.52661,56.95,1,INCLINADO,train
0.03163,-0.93995,0.18101,79.23,1,INCLINADO,train
-0.00498,-0.00392,0.96608,1.27,0,REPOUSO,train
-0.50720,0.50193,-0.77153,136.87,2,INVERTIDO,val
0.14828,0.36466,0.87419,23.38,0,REPOUSO,train
-0.71147,-0.67769,-0.26056,104.91,1,INCLINADO,train
-0.08434,0.33200,0.92982,22.05,0,REPOUSO,train
0.44576,-0.19470,-0.86012,150.75,2,INVERTIDO,train
0.08375,0.03542,-1.00734,174.83,2,INVERTIDO,test
0.84530,0.27359,0.41378,65.35,1,INCLINADO,train
0.11561,-0.98170,0.04891,89.44,1,INCLINADO,train
-0.18093,-0.00813,0.95325,11.55,0,REPOUSO,train
0.28232,0.71678,-0.57383,126.34,2,INVERTIDO,train
0.13120,0.28008,0.95237,18.03,0,REPOUSO,train
-0.02721,-0.03483,0.95666,1.08,0,REPOUSO,train
-0.04330,0.22356,0.92509,13.27,0,REPOUSO,train
-0.14540,-0.00608,0.93771,10.64,0,REPOUSO,val
-0.80870,-0.44229,0.42071,65.56,1,INCLINADO,train
-0.33001,-0.12921,-0.90159,158.09,2,INVERTIDO,val
0.15504,-0.25648,-0.97902,162.84,2,INVERTIDO,train
0.86373,0.40339,0.29528,72.70,1,INCLINADO,train
0.04549,0.02483,-1.01420,178.03,2,INVERTIDO,train
-0.01121,0.47278,-0.90312,151.92,2,INVERTIDO,train
0.76707,0.04696,-0.57833,126.68,2,INVERTIDO,train
0.06004,0.21568,-1.03867,167.38,2,INVERTIDO,train
0.45940,-0.35889,-0.91126,145.55,2,INVERTIDO,train
-0.03547,0.23447,0.96486,11.93,0,REPOUSO,train
-0.00343,0.99856,-0.10027,98.83,1,INCLINADO,val
-0.21816,-0.69642,-0.62850,129.60,2,INVERTIDO,test
-0.02877,0.04145,1.04372,1.91,0,REPOUSO,train
-0.13756,0.11202,-0.98934,169.19,2,INVERTIDO,test
-0.93864,0.26351,0.19832,77.73,1,INCLINADO,train
-0.39837,0.54748,-0.68876,137.10,2,INVERTIDO,train
-0.22365,0.26707,0.96266,19.85,0,REPOUSO,train
-0.06909,0.05270,-1.03374,174.84,2,INVERTIDO,train
-0.07048,-0.83282,0.52469,57.87,1,INCLINADO,val
0.04216,-0.24658,-0.93902,164.51,2,INVERTIDO,val
0.28055,-0.14174,0.92335,19.78,0,REPOUSO,test
0.17146,0.80019,0.64422,51.39,1,INCLINADO,test
-0.02950,-0.33779,0.86864,23.41,0,REPOUSO,train
-0.02728,0.05262,-1.01263,177.16,2,INVERTIDO,train
0.23546,0.02936,0.92214,13.76,0,REPOUSO,train
-0.45275,-0.61220,-0.47099,122.85,2,INVERTIDO,val
0.02315,0.05923,0.99824,2.97,0,REPOUSO,train
0.08768,0.10850,-1.00002,170.42,2,INVERTIDO,test
0.25200,-0.80152,-0.52435,122.60,2,INVERTIDO,test
-0.02995,0.00758,0.99615,0.75,0,REPOUSO,train
-0.39659,-0.85786,0.52626,62.10,1,INCLINADO,val
-0.71284,0.26294,-0.61163,130.61,2,INVERTIDO,train
-0.21094,0.08879,0.93720,13.51,0,REPOUSO,train
-0.00431,-0.28636,0.94939,15.14,0,REPOUSO,train
0.18553,-0.39946,0.87681,25.17,0,REPOUSO,train
0.00626,-0.13996,-0.98486,172.57,2,INVERTIDO,val
-0.56005,0.18860,-0.72774,141.03,2,INVERTIDO,train
-0.71081,-0.65572,-0.04810,93.44,1,INCLINADO,train
-0.66791,0.63514,0.19415,79.05,1,INCLINADO,train
-0.04119,-0.32750,0.98342,19.09,0,REPOUSO,train
-0.34545,-0.05308,0.92839,19.27,0,REPOUSO,train
-0.08168,-0.01373,-1.02832,177.51,2,INVERTIDO,train
0.05533,-0.36318,-0.94938,157.42,2,INVERTIDO,val
0.10268,-0.04304,1.01945,4.97,0,REPOUSO,train
-0.02143,-0.53909,0.86562,31.83,1,INCLINADO,train
0.00064,0.01130,0.90508,0.16,0,REPOUSO,train
0.19587,0.94443,0.17484,78.28,1,INCLINADO,train
0.10509,0.79288,-0.57392,127.22,2,INVERTIDO,test
0.13272,0.08361,-0.95722,171.33,2,INVERTIDO,test
0.70455,-0.16603,-0.71988,135.18,2,INVERTIDO,train
-0.65361,0.07657,-0.72041,139.16,2,INVERTIDO,train
0.21653,-0.04937,-0.98476,166.16,2,INVERTIDO,train
0.81785,-0.30813,-0.53068,122.94,2,INVERTIDO,test
-0.32462,0.79908,0.46421,63.01,1,INCLINADO,test
-0.34546,0.20963,0.89183,24.03,0,REPOUSO,val
-0.70729,-0.16213,0.59013,52.93,1,INCLINADO,val
0.37621,0.73374,-0.49280,121.17,2,INVERTIDO,train
-0.06272,-0.00708,-1.03724,177.56,2,INVERTIDO,train
-0.09215,-0.22187,0.99118,14.27,0,REPOUSO,train
-0.11871,0.11411,0.93434,9.54,0,REPOUSO,train
0.10358,-0.03898,0.98414,6.53,0,REPOUSO,test
-0.15768,0.33120,0.92648,20.99,0,REPOUSO,val
0.90213,0.20967,-0.42942,113.22,1,INCLINADO,train
-0.31517,0.95860,-0.14803,99.17,1,INCLINADO,train
-0.53861,-0.34986,0.85336,35.55,1,INCLINADO,train
0.23292,0.27444,0.95529,20.57,0,REPOUSO,train
0.19309,0.34243,0.83990,24.03,0,REPOUSO,test
-0.04703,0.01244,0.97803,3.44,0,REPOUSO,train
0.21538,0.02571,-1.01135,169.37,2,INVERTIDO,train
-0.06316,-0.16728,1.02195,9.31,0,REPOUSO,train
0.03298,0.22759,-0.94653,165.71,2,INVERTIDO,val
-0.30451,-0.70459,-0.58661,127.98,2,INVERTIDO,train
-0.36445,-0.22082,0.94537,25.53,0,REPOUSO,train
-0.35494,0.88904,0.32396,72.83,1,INCLINADO,train
-0.61870,-0.33668,0.69836,42.90,1,INCLINADO,train
0.63699,0.09262,-0.71262,137.27,2,INVERTIDO,test
-0.35915,-0.37893,0.87357,29.91,0,REPOUSO,train
-0.81136,0.01494,-0.67081,131.06,2,INVERTIDO,val
0.69378,-0.36622,0.64259,51.73,1,INCLINADO,train
-0.29289,-0.23464,-0.92745,157.29,2,INVERTIDO,train
0.07050,0.17733,0.92160,10.22,0,REPOUSO,train
0.24260,-0.48905,0.83006,31.80,1,INCLINADO,test
-0.17444,-0.38222,-0.90843,154.36,2,INVERTIDO,train
0.26365,0.25700,0.89135,21.46,0,REPOUSO,train
0.27610,-0.07912,0.97765,17.17,0,REPOUSO,test
0.25860,-0.03141,-0.88129,161.59,2,INVERTIDO,train
0.46233,0.16072,0.86496,28.54,0,REPOUSO,train
-0.01575,-0.17951,0.93157,11.78,0,REPOUSO,test
0.03956,-0.06935,0.94296,4.61,0,REPOUSO,test
-0.04074,-0.04931,0.98685,3.05,0,REPOUSO,train
-0.08420,0.03297,0.99075,4.25,0,REPOUSO,train
-0.02798,-0.22680,-0.94881,169.40,2,INVERTIDO,train
-0.45574,-0.68517,0.60478,53.16,1,INCLINADO,train
-0.33132,0.87986,-0.43068,115.85,1,INCLINADO,train
-0.27218,-0.07272,-0.95921,164.12,2,INVERTIDO,train
0.68231,0.15456,0.77559,40.79,1,INCLINADO,val
0.18428,0.04527,-0.94757,167.44,2,INVERTIDO,train
-0.43135,0.47689,0.77691,38.39,1,INCLINADO,train
-0.14117,-0.00965,1.02301,7.48,0,REPOUSO,train
0.20600,0.27384,-0.91628,158.68,2,INVERTIDO,test
-0.91069,0.30913,0.22443,75.75,1,INCLINADO,train
-0.46750,-0.41839,-0.81484,142.98,2,INVERTIDO,train
-0.21165,-0.78907,-0.63004,126.81,2,INVERTIDO,train
0.58203,0.66469,0.54636,59.51,1,INCLINADO,train
0.05215,-0.99293,-0.09396,95.63,1,INCLINADO,train
0.93815,-0.20253,0.39701,67.67,1,INCLINADO,val
0.94796,0.41552,0.10292,84.02,1,INCLINADO,val
0.40361,-0.05027,-0.89730,155.88,2,INVERTIDO,train
0.46487,-0.43669,0.70041,43.05,1,INCLINADO,train
0.19599,0.22498,0.89528,18.90,0,REPOUSO,val
-0.67699,0.05433,-0.68322,135.28,2,INVERTIDO,train
0.50981,0.00924,-0.88572,148.81,2,INVERTIDO,train
-0.25270,-0.48517,-0.81097,143.06,2,INVERTIDO,train
0.00341,0.05406,0.94558,3.68,0,REPOUSO,train
-0.01748,-0.00967,1.01614,1.35,0,REPOUSO,train
-0.04124,-0.85741,-0.51979,121.90,2,INVERTIDO,train
-0.02189,-0.14223,-0.95278,172.56,2,INVERTIDO,train
0.01982,-0.23885,0.98647,14.02,0,REPOUSO,train
0.86543,0.11401,-0.59418,125.01,2,INVERTIDO,train
0.00512,-0.09188,0.99878,4.84,0,REPOUSO,train
0.32621,0.73108,0.52459,57.83,1,INCLINADO,val
-0.95610,-0.03042,0.33663,70.44,1,INCLINADO,train
0.08051,0.02427,0.91763,4.19,0,REPOUSO,train
0.36238,0.21190,0.87361,24.93,0,REPOUSO,test
-0.27960,0.32151,-0.92882,155.70,2,INVERTIDO,train
0.83311,-0.17388,0.55324,54.99,1,INCLINADO,val
-0.19013,-0.54831,-0.81306,145.58,2,INVERTIDO,train
0.02269,-0.67052,-0.72150,138.85,2,INVERTIDO,train
-0.33420,0.07596,-0.93881,159.71,2,INVERTIDO,train
-0.60887,0.40526,-0.63410,132.09,2,INVERTIDO,train
0.09464,0.25933,-0.96724,162.12,2,INVERTIDO,train
0.84510,0.12723,0.51534,58.11,1,INCLINADO,train
0.98716,-0.02764,0.16093,81.66,1,INCLINADO,train
-0.06271,-0.30144,0.90827,20.42,0,REPOUSO,train
-0.35531,-0.22648,-0.94944,154.43,2,INVERTIDO,val
0.17378,-0.21845,-0.98979,163.84,2,INVERTIDO,train
0.87095,-0.44694,-0.14131,98.12,1,INCLINADO,train
0.64677,-0.69947,0.38347,69.16,1,INCLINADO,train
0.86322,-0.49107,-0.01835,89.95,1,INCLINADO,train
-0.44605,-0.20160,0.88550,27.83,0,REPOUSO,train
0.42404,0.22957,-0.96375,153.24,2,INVERTIDO,train
0.55937,-0.74022,-0.38017,113.06,1,INCLINADO,val
-0.97790,-0.07463,-0.04176,91.26,1,INCLINADO,train
-0.06952,-0.06713,1.05079,4.43,0,REPOUSO,train
0.19772,0.30370,0.91612,24.13,0,REPOUSO,test
-0.73887,-0.28217,0.63368,51.26,1,INCLINADO,val
-0.83417,0.30081,-0.42017,115.59,1,INCLINADO,train
-0.08453,0.39657,0.89280,23.36,0,REPOUSO,train
-0.95867,0.22830,0.06201,85.30,1,INCLINADO,test
-0.11874,-0.12892,1.01917,9.04,0,REPOUSO,val
0.64745,-0.57173,-0.57194,125.41,2,INVERTIDO,train
0.25698,-0.05059,1.02823,12.78,0,REPOUSO,train
0.04584,-0.04814,1.06883,2.53,0,REPOUSO,train
-0.42726,-0.80309,0.50226,59.09,1,INCLINADO,train
-0.31490,-0.88996,0.21595,78.46,1,INCLINADO,val
0.08197,0.38990,-0.87419,153.15,2,INVERTIDO,train
0.62439,0.72461,-0.39175,111.67,1,INCLINADO,train
-0.03320,-0.05061,0.98812,4.32,0,REPOUSO,train
0.03094,0.35013,0.96621,18.49,0,REPOUSO,val
-0.86667,-0.43850,-0.14026,99.11,1,INCLINADO,val
0.07039,0.57228,0.87145,32.80,1,INCLINADO,val
-0.05396,-0.11506,0.99402,7.31,0,REPOUSO,val
0.85810,-0.18345,-0.38495,112.69,1,INCLINADO,train
-0.85086,-0.51223,-0.04492,92.83,1,INCLINADO,train
-0.36924,-0.73875,0.41314,63.49,1,INCLINADO,test
-0.81907,-0.34436,0.37199,69.59,1,INCLINADO,train
-0.60955,0.16378,0.66764,44.54,1,INCLINADO,test
0.13408,-0.14822,-0.99940,169.85,2,INVERTIDO,val
0.44962,0.86192,0.15752,80.74,1,INCLINADO,train
0.44767,-0.23403,-0.88592,149.82,2,INVERTIDO,train
-0.02519,0.03902,-0.99184,178.60,2,INVERTIDO,train
0.40417,-0.06100,0.96454,23.35,0,REPOUSO,val
-0.57818,0.79238,0.21113,76.67,1,INCLINADO,train
-0.26299,-0.05326,0.96659,15.03,0,REPOUSO,train
-0.16284,-0.30346,0.91599,20.47,0,REPOUSO,train
0.49553,0.43027,-0.68888,136.57,2,INVERTIDO,train
-0.19199,0.16491,0.97465,13.45,0,REPOUSO,train
0.93953,-0.00392,0.19730,78.61,1,INCLINADO,test
0.10549,-0.87656,0.52134,61.14,1,INCLINADO,train
0.18761,0.05018,-0.99391,169.36,2,INVERTIDO,train
0.03823,0.94573,0.32562,71.73,1,INCLINADO,test
0.99626,0.08446,-0.18125,101.01,1,INCLINADO,train
0.07766,-0.03171,1.03485,7.44,0,REPOUSO,train
0.33744,-0.01425,0.92513,20.83,0,REPOUSO,test
0.70069,-0.66749,0.03167,88.74,1,INCLINADO,test
-0.24901,0.11154,-0.96445,166.83,2,INVERTIDO,train
-0.14661,0.57033,0.81386,38.59,1,INCLINADO,test
-0.04023,-0.01513,-1.04520,175.81,2,INVERTIDO,train
0.00792,0.00447,-0.98701,178.23,2,INVERTIDO,train
0.76635,-0.10265,0.67333,48.88,1,INCLINADO,test
-0.51094,-0.73550,0.39348,65.19,1,INCLINADO,train
0.12279,-0.11208,1.03462,9.23,0,REPOUSO,train
-0.00249,0.16563,0.94099,9.49,0,REPOUSO,train
-0.08473,-0.40497,0.92555,23.16,0,REPOUSO,train
-0.56060,-0.06692,-0.87071,145.47,2,INVERTIDO,test
-0.14872,-0.95087,-0.33579,108.82,1,INCLINADO,train
-0.64541,0.78722,0.19182,80.61,1,INCLINADO,train
-0.87152,-0.24562,-0.35379,111.89,1,INCLINADO,val
0.03277,-0.23968,1.00476,13.17,0,REPOUSO,train
-0.52302,-0.02253,0.81375,32.10,1,INCLINADO,val
-0.36727,0.07599,-0.88775,158.54,2,INVERTIDO,train
-0.30265,0.91791,-0.51007,116.42,1,INCLINADO,train
0.15375,0.07289,-0.99380,168.54,2,INVERTIDO,test
-0.83674,-0.52024,0.22743,78.83,1,INCLINADO,train
0.04749,0.25293,0.99398,13.76,0,REPOUSO,train
0.31861,-0.13979,-1.01359,160.39,2,INVERTIDO,val
0.29759,0.70490,0.56788,54.37,1,INCLINADO,test
0.17224,0.01595,0.97743,9.77,0,REPOUSO,train
0.99016,-0.20098,0.06636,85.10,1,INCLINADO,train
-0.06298,0.54155,0.92052,31.27,1,INCLINADO,train
0.11466,0.36356,0.91423,21.89,0,REPOUSO,test
0.06154,0.48462,-0.84945,150.53,2,INVERTIDO,train
-0.45256,0.49642,-0.77576,137.75,2,INVERTIDO,train
0.88187,-0.22330,-0.27298,105.23,1,INCLINADO,train
0.56167,0.72483,0.40442,66.59,1,INCLINADO,train
0.16586,0.00426,1.02377,8.12,0,REPOUSO,val
0.17513,0.48991,0.87728,29.41,0,REPOUSO,train
0.03654,-0.01508,-1.04534,176.70,2,INVERTIDO,train
0.20550,0.69606,0.62392,49.94,1,INCLINADO,train
-0.79086,0.46218,-0.38160,111.69,1,INCLINADO,train
0.00713,-0.00109,1.03017,0.54,0,REPOUSO,train
0.83640,0.51722,-0.08119,94.08,1,INCLINADO,train
0.05437,-0.70719,-0.65295,132.37,2,INVERTIDO,train
0.56352,-0.75148,-0.01258,89.70,1,INCLINADO,train
-0.26317,-0.50749,-0.76102,142.27,2,INVERTIDO,train
0.13927,0.43562,-0.87468,152.13,2,INVERTIDO,train
-0.39809,0.42925,-0.82367,142.38,2,INVERTIDO,train
0.63906,0.56840,-0.51197,120.15,2,INVERTIDO,train
-0.17515,-0.44113,0.84680,28.22,0,REPOUSO,val
0.70666,-0.65774,-0.16652,100.47,1,INCLINADO,train
-0.56665,0.06743,0.82716,33.24,1,INCLINADO,test
-0.04199,-0.00386,0.97087,3.65,0,REPOUSO,train
-0.14134,-0.88490,-0.43143,115.22,1,INCLINADO,train
-0.16297,0.11904,0.92634,10.15,0,REPOUSO,train
0.08297,0.34667,-0.96336,159.23,2,INVERTIDO,train
0.76149,-0.55561,0.26133,75.03,1,INCLINADO,train
-0.15244,0.92764,-0.31455,109.35,1,INCLINADO,train
0.39051,-0.54132,-0.71366,137.63,2,INVERTIDO,val
-0.26317,-0.54438,0.78669,37.86,1,INCLINADO,train
0.45721,-0.25338,0.88431,29.60,0,REPOUSO,train
-0.07366,-0.00080,0.98293,3.27,0,REPOUSO,test
-0.61696,0.01967,0.78857,36.41,1,INCLINADO,test
0.33025,0.54878,0.80632,38.51,1,INCLINADO,train
0.73011,-0.46404,0.42629,61.32,1,INCLINADO,test
0.10553,-0.92761,0.14976,77.83,1,INCLINADO,test
-0.11972,0.82510,0.62189,52.40,1,INCLINADO,train
-0.50300,-0.11943,0.83740,32.23,1,INCLINADO,train
-0.46446,-0.28210,0.80752,34.26,1,INCLINADO,train
-0.02998,-0.66315,0.68563,44.86,1,INCLINADO,train
-0.00892,0.20647,-1.00937,169.73,2,INVERTIDO,train
-0.06477,0.66718,-0.78103,140.02,2,INVERTIDO,train
0.01788,-0.07737,1.05654,3.93,0,REPOUSO,train
-0.76964,-0.48715,0.36695,69.38,1,INCLINADO,train
0.90747,-0.41433,-0.11628,95.72,1,INCLINADO,train
-0.15907,-0.67029,-0.80445,140.37,2,INVERTIDO,train
-0.02247,-0.32776,-0.84835,157.95,2,INVERTIDO,train
0.57903,-0.68760,-0.19808,102.62,1,INCLINADO,train
0.16573,0.15442,-0.90613,169.27,2,INVERTIDO,train
0.25035,0.35774,-0.92772,153.93,2,INVERTIDO,train
0.06799,-0.07460,-1.00456,173.22,2,INVERTIDO,test
-0.45566,-0.14333,0.84384,30.57,1,INCLINADO,train
-0.40605,-0.00574,0.88173,25.56,0,REPOUSO,train
-0.10941,-0.70262,-0.65253,132.03,2,INVERTIDO,test
-0.61950,0.40537,0.67120,49.66,1,INCLINADO,train
0.85030,-0.00584,0.63322,53.38,1,INCLINADO,train
0.04970,-0.00091,-0.99521,177.17,2,INVERTIDO,train
0.19774,-0.29823,0.91649,21.15,0,REPOUSO,train
-0.03093,0.30587,-0.92359,158.89,2,INVERTIDO,train
0.71827,-0.15501,0.65225,49.14,1,INCLINADO,train
-0.93957,-0.05233,0.31124,72.71,1,INCLINADO,test
-0.14634,-0.48296,-0.87424,151.95,2,INVERTIDO,test
-0.59935,0.25822,0.76624,38.57,1,INCLINADO,train
0.03668,0.89490,-0.42617,115.76,1,INCLINADO,train
